episode,reward,steps,success,epsilon
1,-123.59999999999945,500,0,0.995
2,-130.39999999999935,500,0,0.990025
3,-127.59999999999917,500,0,0.985074875
4,-128.79999999999922,500,0,0.9801495006250001
5,-130.3999999999993,500,0,0.9752487531218751
6,-121.99999999999936,500,0,0.9703725093562657
7,-120.39999999999921,500,0,0.9655206468094844
8,-125.99999999999922,500,0,0.960693043575437
9,-144.39999999999947,500,0,0.9558895783575597
10,-93.39999999999958,399,1,0.9511101304657719
11,-114.7999999999994,500,0,0.946354579813443
12,-119.99999999999929,500,0,0.9416228069143757
13,-117.99999999999949,500,0,0.9369146928798039
14,-126.7999999999994,500,0,0.9322301194154049
15,-110.79999999999959,500,0,0.9275689688183278
16,-107.99999999999952,500,0,0.9229311239742362
17,-130.39999999999947,500,0,0.918316468354365
18,-138.7999999999996,500,0,0.9137248860125932
19,-125.99999999999955,500,0,0.9091562615825302
20,-111.99999999999939,500,0,0.9046104802746175
21,-119.59999999999938,500,0,0.9000874278732445
22,-118.39999999999921,500,0,0.8955869907338783
23,-109.5999999999996,500,0,0.8911090557802088
24,-104.19999999999942,499,1,0.8866535105013078
25,-147.59999999999982,500,0,0.8822202429488013
26,-128.3999999999992,500,0,0.8778091417340573
27,-117.99999999999937,500,0,0.8734200960253871
28,-103.19999999999946,500,0,0.8690529955452602
29,-110.39999999999937,500,0,0.8647077305675338
30,-97.99999999999959,500,0,0.8603841919146962
31,-110.39999999999935,500,0,0.8560822709551227
32,-104.79999999999967,500,0,0.851801859600347
33,-121.59999999999926,500,0,0.8475428503023453
34,-128.39999999999924,500,0,0.8433051360508336
35,-111.99999999999915,500,0,0.8390886103705794
36,-100.59999999999923,491,1,0.8348931673187264
37,-117.99999999999926,500,0,0.8307187014821328
38,-131.19999999999908,500,0,0.8265651079747222
39,-134.79999999999927,500,0,0.8224322824348486
40,-117.59999999999934,500,0,0.8183201210226743
41,-103.19999999999933,500,0,0.8142285204175609
42,-111.99999999999899,500,0,0.810157377815473
43,-47.00000000000014,239,1,0.8061065909263957
44,-71.00000000000003,347,1,0.8020760579717637
45,-101.19999999999956,500,0,0.798065677681905
46,-103.59999999999947,500,0,0.7940753492934954
47,-43.80000000000009,231,1,0.7901049725470279
48,-131.19999999999965,500,0,0.7861544476842928
49,-133.5999999999995,500,0,0.7822236754458713
50,-155.99999999999926,500,0,0.778312557068642
51,-88.49999999999986,354,1,0.7744209942832988
52,-119.19999999999919,500,0,0.7705488893118823
53,-123.59999999999924,500,0,0.7666961448653229
54,-118.39999999999932,500,0,0.7628626641409962
55,-120.79999999999927,500,0,0.7590483508202912
56,-20.900000000000055,134,1,0.7552531090661897
57,-67.19999999999987,385,1,0.7514768435208588
58,-15.000000000000014,107,1,0.7477194593032545
59,-26.700000000000088,168,1,0.7439808620067382
60,-44.500000000000156,246,1,0.7402609576967045
61,-105.59999999999941,500,0,0.736559652908221
62,-101.5999999999996,500,0,0.7328768546436799
63,-100.79999999999957,500,0,0.7292124703704616
64,-90.79999999999964,500,0,0.7255664080186093
65,-99.19999999999933,500,0,0.7219385759785162
66,-97.99999999999946,500,0,0.7183288830986236
67,-93.1999999999997,500,0,0.7147372386831305
68,-102.79999999999954,500,0,0.7111635524897149
69,-97.1999999999993,500,0,0.7076077347272662
70,-99.99999999999943,500,0,0.7040696960536299
71,-100.79999999999947,500,0,0.7005493475733617
72,-90.79999999999966,500,0,0.697046600835495
73,-98.79999999999963,500,0,0.6935613678313175
74,-90.79999999999939,500,0,0.6900935609921609
75,-95.59999999999954,500,0,0.6866430931872001
76,-94.79999999999947,500,0,0.6832098777212641
77,-87.9999999999996,500,0,0.6797938283326578
78,-99.59999999999951,500,0,0.6763948591909945
79,-86.39999999999975,500,0,0.6730128848950395
80,-83.59999999999974,500,0,0.6696478204705644
81,-92.39999999999958,500,0,0.6662995813682115
82,-92.79999999999953,500,0,0.6629680834613705
83,-100.7999999999994,500,0,0.6596532430440636
84,-63.89999999999999,420,1,0.6563549768288433
85,-68.49999999999994,370,1,0.653073201944699
86,-87.19999999999959,500,0,0.6498078359349755
87,-103.59999999999948,500,0,0.6465587967553006
88,-30.900000000000148,226,1,0.6433260027715241
89,-84.39999999999972,500,0,0.6401093727576664
90,-92.39999999999958,500,0,0.6369088258938781
91,-83.99999999999969,500,0,0.6337242817644086
92,-86.3999999999998,500,0,0.6305556603555866
93,-88.7999999999996,500,0,0.6274028820538087
94,-52.800000000000196,293,1,0.6242658676435396
95,-86.7999999999996,500,0,0.6211445383053219
96,-92.39999999999974,500,0,0.6180388156137953
97,-6.499999999999986,90,1,0.6149486215357263
98,-87.59999999999968,500,0,0.6118738784280476
99,-23.20000000000006,161,1,0.6088145090359074
100,-48.100000000000165,274,1,0.6057704364907278
101,-57.90000000000019,352,1,0.6027415843082742
102,-26.400000000000084,193,1,0.5997278763867329
103,-91.49999999999939,464,1,0.5967292370047992
104,-90.79999999999954,500,0,0.5937455908197752
105,-55.50000000000021,380,1,0.5907768628656763
106,-1.7999999999999883,67,1,0.5878229785513479
107,-21.000000000000092,179,1,0.5848838636585911
108,-63.900000000000006,388,1,0.5819594443402982
109,-78.09999999999975,482,1,0.5790496471185967
110,-95.19999999999959,500,0,0.5761543988830038
111,-61.7000000000001,358,1,0.5732736268885887
112,-90.39999999999957,500,0,0.5704072587541458
113,-91.59999999999954,500,0,0.567555222460375
114,-87.19999999999976,500,0,0.5647174463480732
115,-96.39999999999954,500,0,0.5618938591163328
116,-99.19999999999953,500,0,0.5590843898207511
117,-76.29999999999971,472,1,0.5562889678716474
118,-64.70000000000012,436,1,0.5535075230322891
119,-68.20000000000016,431,1,0.5507399854171277
120,-16.800000000000008,149,1,0.547986285490042
121,-79.19999999999996,500,0,0.5452463540625918
122,-90.3999999999997,500,0,0.5425201222922789
123,-31.100000000000087,212,1,0.5398075216808175
124,-21.90000000000003,160,1,0.5371084840724134
125,-74.29999999999993,456,1,0.5344229416520513
126,-14.400000000000048,149,1,0.531750826943791
127,-74.40000000000009,500,0,0.5290920728090721
128,-62.50000000000013,438,1,0.5264466124450268
129,-76.39999999999989,500,0,0.5238143793828016
130,-16.100000000000012,122,1,0.5211953074858876
131,-69.20000000000024,500,0,0.5185893309484582
132,-76.4,500,0,0.5159963842937159
133,-27.0000000000001,235,1,0.5134164023722473
134,-11.70000000000001,142,1,0.510849320360386
135,-31.20000000000016,281,1,0.5082950737585841
136,-64.49999999999999,358,1,0.5057535983897912
137,-12.500000000000018,134,1,0.5032248303978422
138,-70.60000000000001,475,1,0.500708706245853
139,-92.39999999999942,500,0,0.4982051627146237
140,-16.40000000000003,157,1,0.49571413690105054
141,-26.300000000000082,200,1,0.4932355662165453
142,-85.99999999999991,500,0,0.4907693883854626
143,-15.200000000000045,149,1,0.4883155414435353
144,-83.59999999999965,500,0,0.4858739637363176
145,-0.3999999999999915,65,1,0.483444593917636
146,-16.70000000000002,140,1,0.4810273709480478
147,-1.4999999999999893,72,1,0.47862223409330756
148,-3.5999999999999908,61,1,0.47622912292284103
149,-12.999999999999993,119,1,0.4738479773082268
150,-12.400000000000006,117,1,0.47147873742168567
151,-2.8999999999999826,86,1,0.46912134373457726
152,-15.700000000000014,134,1,0.46677573701590436
153,-44.700000000000145,236,1,0.46444185833082485
154,-7.199999999999992,93,1,0.46211964903917074
155,-18.600000000000065,167,1,0.4598090507939749
156,1.1000000000000085,58,1,0.457510005540005
157,-0.8999999999999897,66,1,0.45522245551230495
158,-12.0,97,1,0.4529463432347434
159,-10.699999999999996,112,1,0.4506816115185697
160,-40.70000000000011,228,1,0.4484282034609769
161,-12.40000000000002,109,1,0.446186062443672
162,-2.899999999999986,78,1,0.4439551321314536
163,-4.899999999999984,86,1,0.4417353564707963
164,0.30000000000000426,58,1,0.43952667968844233
165,-6.199999999999978,115,1,0.43732904629000013
166,-17.20000000000001,137,1,0.4351424010585501
167,-1.5999999999999854,81,1,0.43296668905325736
168,-0.29999999999998295,84,1,0.43080185560799106
169,-9.0,107,1,0.4286478463299511
170,-0.999999999999984,75,1,0.42650460709830135
171,-0.09999999999999254,54,1,0.42437208406280985
172,0.6000000000000103,67,1,0.4222502236424958
173,-8.399999999999984,109,1,0.42013897252428334
174,-2.2999999999999776,88,1,0.4180382776616619
175,-2.1999999999999904,63,1,0.4159480862733536
176,-8.899999999999999,94,1,0.41386834584198684
177,-6.699999999999989,96,1,0.4117990041127769
178,-14.800000000000036,133,1,0.40974000909221303
179,-3.999999999999977,109,1,0.40769130904675194
180,-19.6000000000001,169,1,0.40565285250151817
181,-33.600000000000186,277,1,0.4036245882390106
182,-47.50000000000029,340,1,0.4016064652978155
183,-11.90000000000002,160,1,0.3995984329713264
184,-34.90000000000022,318,1,0.3976004408064698
185,-80.00000000000007,500,0,0.39561243860243744
186,-74.39999999999993,500,0,0.3936343764094253
187,-77.99999999999994,500,0,0.39166620452737816
188,-72.00000000000014,500,0,0.3897078735047413
189,-79.59999999999982,500,0,0.3877593341372176
190,-1.399999999999995,55,1,0.3858205374665315
191,-54.60000000000032,415,1,0.38389143477919885
192,-1.5999999999999943,61,1,0.3819719776053028
193,-8.699999999999989,128,1,0.3800621177172763
194,-1.799999999999983,83,1,0.37816180712868996
195,2.8000000000000043,45,1,0.37627099809304654
196,-8.49999999999999,82,1,0.3743896431025813
197,-34.70000000000023,316,1,0.37251769488706843
198,-6.399999999999981,89,1,0.3706551064126331
199,2.6000000000000068,47,1,0.36880183088056995
200,3.200000000000003,49,1,0.3669578217261671
201,-3.9999999999999822,85,1,0.36512303261753626
202,4.000000000000002,45,1,0.3632974174544486
203,4.800000000000001,41,1,0.3614809303671764
204,0.9000000000000057,48,1,0.3596735257153405
205,1.600000000000005,57,1,0.3578751580867638
206,1.8000000000000043,47,1,0.35608578229633
207,4.400000000000003,37,1,0.3543053533848483
208,2.4000000000000083,53,1,0.35253382661792404
209,1.5987211554602254e-14,69,1,0.3507711574848344
210,5.100000000000002,34,1,0.34901730169741024
211,2.6000000000000068,39,1,0.3472722151889232
212,1.800000000000006,43,1,0.3455358541129786
213,1.4000000000000057,55,1,0.3438081748424137
214,0.5000000000000089,60,1,0.3420891339682016
215,3.8999999999999995,34,1,0.3403786882983606
216,4.400000000000001,37,1,0.3386767948568688
217,0.9000000000000092,52,1,0.33698341088258443
218,-0.399999999999995,45,1,0.3352984938281715
219,0.40000000000000213,49,1,0.33362200135903064
220,4.100000000000001,44,1,0.33195389135223546
221,-0.49999999999998757,66,1,0.3302941218954743
222,2.7000000000000037,46,1,0.32864265128599696
223,1.0000000000000089,47,1,0.326999438029567
224,6.099999999999999,32,1,0.3253644408394192
225,1.6000000000000032,49,1,0.3237376186352221
226,4.100000000000001,36,1,0.322118930542046
227,-2.999999999999991,67,1,0.32050833588933575
228,5.999999999999998,33,1,0.31890579420988907
229,3.6000000000000014,41,1,0.3173112652388396
230,5.999999999999998,29,1,0.3157247089126454
231,2.800000000000007,53,1,0.3141460853680822
232,5.3999999999999995,35,1,0.3125753549412418
233,3.600000000000004,37,1,0.31101247816653554
234,6.599999999999999,27,1,0.30945741577570285
235,5.7,32,1,0.3079101286968243
236,3.100000000000004,38,1,0.3063705780533402
237,2.700000000000003,38,1,0.30483872516307353
238,6.1999999999999975,35,1,0.3033145315372582
239,2.7000000000000046,46,1,0.3017979588795719
240,0.8000000000000043,45,1,0.30028896908517405
241,-7.0,59,1,0.2987875242397482
242,6.6,27,1,0.29729358661854943
243,4.300000000000004,34,1,0.29580711868545667
244,5.6000000000000005,33,1,0.2943280830920294
245,0.600000000000005,51,1,0.29285644267656924
246,5.7,36,1,0.2913921604631864
247,3.400000000000003,39,1,0.28993519966087045
248,1.8000000000000096,51,1,0.2884855236625661
249,0.20000000000000817,63,1,0.28704309604425327
250,3.5000000000000036,46,1,0.285607880564032
251,2.0000000000000036,45,1,0.28417984116121187
252,-0.899999999999995,50,1,0.2827589419554058
253,6.699999999999999,26,1,0.28134514724562876
254,3.9000000000000004,42,1,0.2799384215094006
255,0.3000000000000025,46,1,0.27853872940185365
256,6.599999999999999,31,1,0.27714603575484437
257,-0.5999999999999908,59,1,0.2757603055760701
258,6.299999999999999,34,1,0.2743815040481898
259,4.100000000000001,40,1,0.2730095965279488
260,5.399999999999999,39,1,0.27164454854530906
261,6.199999999999998,27,1,0.2702863258025825
262,3.900000000000002,38,1,0.2689348941735696
263,4.100000000000003,36,1,0.26759021970270175
264,6.299999999999999,30,1,0.2662522686041882
265,5.299999999999999,32,1,0.2649210072611673
266,4.699999999999999,38,1,0.26359640222486147
267,4.6000000000000005,35,1,0.26227842021373715
268,3.700000000000001,44,1,0.2609670281126685
269,5.499999999999997,34,1,0.25966219297210513
270,3.5000000000000027,34,1,0.2583638820072446
271,2.7000000000000037,42,1,0.2570720625972084
272,1.3000000000000025,44,1,0.25578670228422234
273,7.099999999999998,26,1,0.25450776877280124
274,-2.6999999999999993,44,1,0.2532352299289372
275,-1.8999999999999986,56,1,0.2519690537792925
276,-7.0,59,1,0.2507092085103961
277,4.2,35,1,0.2494556624678441
278,6.699999999999998,34,1,0.24820838415550486
279,6.099999999999999,28,1,0.24696734223472733
280,7.399999999999999,27,1,0.2457325055235537
281,3.4000000000000004,39,1,0.24450384299593592
282,5.6000000000000005,29,1,0.24328132378095624
283,4.900000000000001,36,1,0.24206491716205145
284,4.8999999999999995,32,1,0.2408545925762412
285,-1.799999999999999,39,1,0.23965031961336
286,6.399999999999999,25,1,0.2384520680152932
287,5.8,31,1,0.23725980767521673
288,6.799999999999998,29,1,0.23607350863684065
289,-5.499999999999998,56,1,0.23489314109365644
290,2.400000000000003,45,1,0.23371867538818816
291,3.200000000000002,37,1,0.23255008201124722
292,7.1,26,1,0.231387331601191
293,6.799999999999999,25,1,0.23023039494318503
294,6.699999999999999,30,1,0.2290792429684691
295,6.1999999999999975,31,1,0.22793384675362674
296,5.799999999999999,35,1,0.22679417751985861
297,5.4,35,1,0.22566020663225933
298,3.0000000000000027,39,1,0.22453190559909803
299,6.199999999999998,35,1,0.22340924607110255
300,4.6000000000000005,27,1,0.22229219984074702
301,5.300000000000002,32,1,0.2211807388415433
302,7.6,25,1,0.22007483514733558
303,7.199999999999998,25,1,0.2189744609715989
304,6.099999999999998,28,1,0.2178795886667409
305,5.5,30,1,0.2167901907234072
306,5.4,31,1,0.21570623976979014
307,5.200000000000001,37,1,0.21462770857094118
308,2.4000000000000012,37,1,0.21355457002808648
309,6.099999999999998,28,1,0.21248679717794605
310,7.699999999999999,20,1,0.21142436319205632
311,5.9,26,1,0.21036724137609603
312,6.299999999999999,30,1,0.20931540516921554
313,4.9,32,1,0.20826882814336947
314,3.3000000000000016,36,1,0.20722748400265262
315,5.5,34,1,0.20619134658263935
316,7.099999999999999,22,1,0.20516038984972615
317,5.000000000000002,31,1,0.2041345879004775
318,3.6000000000000014,37,1,0.2031139149609751
319,4.000000000000005,29,1,0.20209834538617025
320,6.899999999999999,32,1,0.2010878536592394
321,7.399999999999999,27,1,0.2000824143909432
322,6.599999999999998,31,1,0.19908200231898848
323,7.5,22,1,0.19808659230739353
324,-0.09999999999999964,38,1,0.19709615934585656
325,5.399999999999999,31,1,0.19611067854912728
326,2.600000000000006,43,1,0.19513012515638165
327,4.000000000000001,33,1,0.19415447453059972
328,6.399999999999999,29,1,0.19318370215794672
329,6.799999999999999,25,1,0.192217783647157
330,6.899999999999999,28,1,0.1912566947289212
331,6.799999999999999,25,1,0.1903004112552766
332,6.1,28,1,0.18934890919900021
333,6.799999999999999,25,1,0.18840216465300522
334,7.0,23,1,0.18746015382974018
335,8.0,21,1,0.1865228530605915
336,5.0,27,1,0.18559023879528855
337,6.999999999999999,27,1,0.1846622876013121
338,7.199999999999999,21,1,0.18373897616330553
339,-5.099999999999991,68,1,0.182820281282489
340,7.299999999999999,24,1,0.18190617987607657
341,4.300000000000001,34,1,0.18099664897669618
342,4.400000000000001,29,1,0.1800916657318127
343,5.899999999999999,30,1,0.17919120740315364
344,4.800000000000001,29,1,0.17829525136613786
345,7.199999999999999,25,1,0.17740377510930716
346,7.099999999999999,22,1,0.17651675623376062
347,4.100000000000003,32,1,0.1756341724525918
348,-3.599999999999996,57,1,0.17475600159032884
349,5.300000000000002,28,1,0.17388222158237718
350,8.0,21,1,0.1730128104744653
351,7.399999999999999,23,1,0.17214774642209296
352,5.999999999999998,33,1,0.1712870076899825
353,6.6999999999999975,26,1,0.17043057265153258
354,5.6,29,1,0.16957841978827493
355,-29.000000000000036,111,1,0.16873052768933355
356,-4.1,50,1,0.1678868750508869
357,-5.499999999999993,60,1,0.16704744067563246
358,2.8,33,1,0.1662122034722543
359,5.8,27,1,0.16538114245489302
360,-3.999999999999993,57,1,0.16455423674261854
361,0.6000000000000068,47,1,0.16373146555890544
362,6.499999999999999,28,1,0.16291280823111093
363,7.1,22,1,0.16209824418995536
364,-13.70000000000002,78,1,0.16128775296900558
365,6.199999999999998,27,1,0.16048131420416054
366,2.5999999999999988,31,1,0.15967890763313974
367,-36.90000000000002,122,1,0.15888051309497406
368,4.0000000000000036,29,1,0.1580861105294992
369,-4.399999999999995,53,1,0.1572956799768517
370,-8.200000000000017,75,1,0.15650920157696743
371,5.2,25,1,0.1557266555690826
372,-13.600000000000016,69,1,0.1549480222912372
373,7.299999999999999,24,1,0.15417328217978102
374,5.0,35,1,0.1534024157688821
375,6.699999999999999,26,1,0.1526354036900377
376,3.5000000000000036,34,1,0.1518722266715875
377,7.399999999999999,23,1,0.15111286553822956
378,2.800000000000006,33,1,0.15035730121053842
379,7.199999999999999,25,1,0.14960551470448571
380,-0.1999999999999975,39,1,0.14885748713096328
381,6.899999999999999,28,1,0.14811319969530845
382,7.1,26,1,0.1473726336968319
383,5.500000000000002,26,1,0.14663577052834775
384,-2.099999999999996,42,1,0.14590259167570602
385,4.0,29,1,0.1451730787173275
386,1.0000000000000053,39,1,0.14444721332374086
387,-8.100000000000023,58,1,0.14372497725712216
388,-9.800000000000015,63,1,0.14300635237083656
389,-51.100000000000044,156,1,0.14229132060898236
390,-15.100000000000023,72,1,0.14157986400593744
391,-0.8999999999999968,42,1,0.14087196468590776
392,-12.000000000000025,73,1,0.14016760486247823
393,-17.100000000000037,88,1,0.13946676683816583
394,-27.00000000000002,99,1,0.138769433003975
395,-5.7999999999999865,71,1,0.13807558583895513
396,3.3000000000000043,36,1,0.13738520790976036
397,-14.100000000000016,74,1,0.13669828187021155
398,-16.30000000000001,72,1,0.13601479046086049
399,-7.79999999999999,55,1,0.1353347165085562
400,-19.200000000000003,85,1,0.1346580429260134
401,-4.499999999999993,58,1,0.13398475271138335
402,3.6999999999999993,36,1,0.13331482894782642
403,0.70000000000001,42,1,0.13264825480308728
404,7.499999999999999,26,1,0.13198501352907185
405,6.699999999999999,26,1,0.1313250884614265
406,6.799999999999999,29,1,0.13066846301911936
407,3.200000000000003,37,1,0.13001512070402377
408,3.900000000000003,34,1,0.12936504510050365
409,4.0000000000000036,49,1,0.12871821987500112
410,5.300000000000001,36,1,0.12807462877562611
411,3.300000000000005,40,1,0.12743425563174798
412,3.1000000000000068,38,1,0.12679708435358925
413,6.299999999999999,26,1,0.1261630989318213
414,6.899999999999999,24,1,0.1255322834371622
415,6.599999999999998,27,1,0.12490462201997637
416,6.599999999999998,27,1,0.1242800989098765
417,7.399999999999999,23,1,0.12365869841532712
418,5.500000000000001,26,1,0.12304040492325048
419,2.2000000000000046,39,1,0.12242520289863423
420,0.10000000000000853,40,1,0.12181307688414106
421,7.5,22,1,0.12120401149972035
422,-1.5999999999999908,45,1,0.12059799144222175
423,0.6000000000000085,39,1,0.11999500148501063
424,6.399999999999999,29,1,0.11939502647758558
425,7.099999999999999,26,1,0.11879805134519765
426,5.000000000000002,31,1,0.11820406108847166
427,4.8999999999999995,32,1,0.1176130407830293
428,6.199999999999999,31,1,0.11702497557911415
429,7.1,26,1,0.11643985070121858
430,7.1,26,1,0.11585765144771248
431,4.500000000000004,40,1,0.11527836319047392
432,5.899999999999999,38,1,0.11470197137452155
433,3.900000000000002,42,1,0.11412846151764894
434,5.999999999999998,33,1,0.1135578192100607
435,4.8000000000000025,33,1,0.11299003011401039
436,6.399999999999999,33,1,0.11242507996344034
437,6.899999999999999,28,1,0.11186295456362313
438,5.799999999999998,31,1,0.11130363979080501
439,7.299999999999999,28,1,0.11074712159185099
440,-3.3999999999999932,55,1,0.11019338598389174
441,4.500000000000002,36,1,0.10964241905397228
442,2.3999999999999977,41,1,0.10909420695870241
443,7.199999999999999,25,1,0.1085487359239089
444,-2.8999999999999932,54,1,0.10800599224428936
445,6.099999999999999,32,1,0.10746596228306791
446,1.2000000000000064,41,1,0.10692863247165257
447,5.699999999999998,36,1,0.1063939893092943
448,5.100000000000002,38,1,0.10586201936274783
449,2.0000000000000027,37,1,0.10533270926593409
450,-1.7999999999999936,47,1,0.10480604571960442
451,3.2000000000000046,37,1,0.1042820154910064
452,-0.4999999999999911,54,1,0.10376060541355137
453,-14.300000000000033,72,1,0.1032418023864836
454,4.400000000000002,37,1,0.10272559337455119
455,7.099999999999998,26,1,0.10221196540767843
456,7.099999999999999,26,1,0.10170090558064004
457,7.399999999999999,23,1,0.10119240105273684
458,6.899999999999999,28,1,0.10068643904747315
459,6.499999999999998,32,1,0.10018300685223579
460,6.299999999999998,30,1,0.1
461,5.999999999999999,29,1,0.1
462,6.499999999999998,32,1,0.1
463,-3.2999999999999936,46,1,0.1
464,-0.6999999999999922,44,1,0.1
465,-33.50000000000007,136,1,0.1
466,6.399999999999999,33,1,0.1
467,-20.700000000000042,104,1,0.1
468,0.4000000000000057,41,1,0.1
469,-2.999999999999991,59,1,0.1
470,-4.199999999999987,67,1,0.1
471,5.7,36,1,0.1
472,-9.000000000000028,99,1,0.1
473,-12.200000000000024,123,1,0.1
474,-11.900000000000052,132,1,0.1
475,3.300000000000008,56,1,0.1
476,2.2000000000000037,51,1,0.1
477,7.6,25,1,0.1
478,2.3000000000000034,58,1,0.1
479,3.300000000000006,48,1,0.1
480,6.399999999999999,25,1,0.1
481,5.200000000000001,41,1,0.1
482,7.499999999999999,26,1,0.1
483,7.399999999999999,27,1,0.1
484,2.600000000000003,39,1,0.1
485,6.099999999999999,32,1,0.1
486,7.299999999999999,28,1,0.1
487,7.399999999999999,27,1,0.1
488,7.199999999999999,25,1,0.1
489,4.400000000000002,41,1,0.1
490,7.699999999999999,24,1,0.1
491,6.6,27,1,0.1
492,6.099999999999998,28,1,0.1
493,6.099999999999999,32,1,0.1
494,7.799999999999999,23,1,0.1
495,8.2,19,1,0.1
496,5.899999999999999,30,1,0.1
497,7.6,25,1,0.1
498,6.499999999999998,28,1,0.1
499,7.699999999999999,24,1,0.1
500,5.8999999999999995,30,1,0.1
501,7.299999999999999,24,1,0.1
502,6.299999999999999,26,1,0.1
503,5.799999999999999,31,1,0.1
504,6.799999999999999,29,1,0.1
505,8.2,19,1,0.1
506,6.599999999999999,31,1,0.1
507,7.5,22,1,0.1
508,7.799999999999999,23,1,0.1
509,7.6,25,1,0.1
510,8.0,21,1,0.1
511,6.599999999999999,23,1,0.1
512,7.099999999999999,26,1,0.1
513,6.199999999999998,27,1,0.1
514,7.099999999999999,26,1,0.1
515,5.699999999999999,32,1,0.1
516,8.0,21,1,0.1
517,6.899999999999999,24,1,0.1
518,6.099999999999998,28,1,0.1
519,5.5,30,1,0.1
520,6.299999999999999,30,1,0.1
521,7.199999999999998,25,1,0.1
522,7.299999999999999,24,1,0.1
523,6.399999999999999,29,1,0.1
524,5.7,36,1,0.1
525,7.299999999999999,24,1,0.1
526,6.799999999999999,29,1,0.1
527,6.999999999999998,27,1,0.1
528,7.399999999999999,27,1,0.1
529,7.099999999999999,26,1,0.1
530,6.699999999999998,34,1,0.1
531,5.1000000000000005,30,1,0.1
532,7.399999999999999,23,1,0.1
533,6.099999999999999,28,1,0.1
534,7.3999999999999995,23,1,0.1
535,6.699999999999998,30,1,0.1
536,7.299999999999999,24,1,0.1
537,6.299999999999999,30,1,0.1
538,7.799999999999999,23,1,0.1
539,6.799999999999999,29,1,0.1
540,5.899999999999999,30,1,0.1
541,7.099999999999999,22,1,0.1
542,8.1,20,1,0.1
543,6.799999999999998,29,1,0.1
544,7.799999999999999,23,1,0.1
545,8.0,21,1,0.1
546,5.6,37,1,0.1
547,6.299999999999999,30,1,0.1
548,6.8999999999999995,24,1,0.1
549,7.6,25,1,0.1
550,8.0,21,1,0.1
551,6.699999999999999,26,1,0.1
552,7.299999999999999,24,1,0.1
553,6.199999999999999,23,1,0.1
554,7.099999999999999,26,1,0.1
555,7.499999999999999,26,1,0.1
556,5.7,32,1,0.1
557,6.999999999999998,23,1,0.1
558,6.8999999999999995,24,1,0.1
559,4.899999999999999,32,1,0.1
560,7.199999999999999,25,1,0.1
561,7.0,23,1,0.1
562,7.5,22,1,0.1
563,6.799999999999999,25,1,0.1
564,6.099999999999999,28,1,0.1
565,6.699999999999999,30,1,0.1
566,7.499999999999999,22,1,0.1
567,6.199999999999998,27,1,0.1
568,7.499999999999999,26,1,0.1
569,5.300000000000002,36,1,0.1
570,6.999999999999998,23,1,0.1
571,6.699999999999999,26,1,0.1
572,7.699999999999999,20,1,0.1
573,7.1,22,1,0.1
574,7.799999999999999,23,1,0.1
575,5.799999999999999,27,1,0.1
576,6.099999999999998,28,1,0.1
577,7.699999999999999,24,1,0.1
578,6.099999999999999,24,1,0.1
579,5.5,30,1,0.1
580,6.6999999999999975,30,1,0.1
581,6.099999999999999,24,1,0.1
582,6.699999999999999,30,1,0.1
583,7.699999999999999,20,1,0.1
584,7.299999999999999,24,1,0.1
585,7.199999999999999,21,1,0.1
586,6.199999999999999,27,1,0.1
587,7.699999999999999,20,1,0.1
588,7.499999999999998,22,1,0.1
589,6.799999999999999,25,1,0.1
590,6.999999999999999,27,1,0.1
591,6.6,23,1,0.1
592,7.1,26,1,0.1
593,6.299999999999999,26,1,0.1
594,7.299999999999999,24,1,0.1
595,6.499999999999998,28,1,0.1
596,6.999999999999999,23,1,0.1
597,6.799999999999999,25,1,0.1
598,6.599999999999999,27,1,0.1
599,5.199999999999999,29,1,0.1
600,6.699999999999999,26,1,0.1
601,6.899999999999999,24,1,0.1
602,5.399999999999999,31,1,0.1
603,7.499999999999999,22,1,0.1
604,5.999999999999998,29,1,0.1
605,6.499999999999999,28,1,0.1
606,7.299999999999999,24,1,0.1
607,6.599999999999998,31,1,0.1
608,6.399999999999999,33,1,0.1
609,7.8999999999999995,22,1,0.1
610,4.1,32,1,0.1
611,6.899999999999999,24,1,0.1
612,5.599999999999998,29,1,0.1
613,7.799999999999999,23,1,0.1
614,6.399999999999999,25,1,0.1
615,6.299999999999999,26,1,0.1
616,4.900000000000001,32,1,0.1
617,6.899999999999999,24,1,0.1
618,7.8999999999999995,22,1,0.1
619,6.399999999999999,29,1,0.1
620,6.799999999999999,25,1,0.1
621,6.299999999999998,34,1,0.1
622,7.499999999999999,26,1,0.1
623,6.199999999999998,31,1,0.1
624,5.3,28,1,0.1
625,7.1,26,1,0.1
626,4.900000000000001,32,1,0.1
627,7.499999999999998,22,1,0.1
628,6.399999999999999,25,1,0.1
629,6.699999999999998,26,1,0.1
630,4.900000000000001,32,1,0.1
631,5.999999999999998,29,1,0.1
632,7.699999999999999,24,1,0.1
633,5.999999999999999,29,1,0.1
634,5.3,28,1,0.1
635,5.699999999999999,32,1,0.1
636,5.1,30,1,0.1
637,5.7,28,1,0.1
638,7.5,22,1,0.1
639,6.299999999999999,30,1,0.1
640,6.799999999999999,29,1,0.1
641,7.099999999999999,30,1,0.1
642,5.000000000000003,35,1,0.1
643,7.699999999999999,20,1,0.1
644,6.799999999999999,29,1,0.1
645,6.099999999999999,32,1,0.1
646,5.899999999999999,26,1,0.1
647,5.5,30,1,0.1
648,6.899999999999999,28,1,0.1
649,5.1,38,1,0.1
650,8.2,19,1,0.1
651,5.3999999999999995,27,1,0.1
652,6.699999999999999,22,1,0.1
653,7.799999999999999,23,1,0.1
654,7.499999999999998,22,1,0.1
655,5.899999999999999,30,1,0.1
656,8.0,21,1,0.1
657,6.299999999999999,30,1,0.1
658,7.499999999999999,22,1,0.1
659,7.8999999999999995,22,1,0.1
660,7.199999999999999,21,1,0.1
661,7.8999999999999995,22,1,0.1
662,7.3999999999999995,23,1,0.1
663,7.699999999999999,20,1,0.1
664,6.299999999999999,30,1,0.1
665,7.8999999999999995,22,1,0.1
666,7.6,25,1,0.1
667,7.199999999999999,25,1,0.1
668,6.399999999999999,25,1,0.1
669,7.399999999999999,23,1,0.1
670,4.700000000000002,38,1,0.1
671,6.699999999999998,30,1,0.1
672,6.799999999999999,25,1,0.1
673,6.799999999999999,25,1,0.1
674,7.699999999999999,24,1,0.1
675,5.8999999999999995,30,1,0.1
676,7.799999999999999,23,1,0.1
677,7.1,26,1,0.1
678,5.0,35,1,0.1
679,6.999999999999999,23,1,0.1
680,7.799999999999999,23,1,0.1
681,4.100000000000001,36,1,0.1
682,5.6,29,1,0.1
683,5.999999999999999,29,1,0.1
684,6.999999999999999,23,1,0.1
685,7.0,23,1,0.1
686,6.999999999999999,23,1,0.1
687,5.999999999999999,25,1,0.1
688,5.799999999999999,31,1,0.1
689,8.1,20,1,0.1
690,7.6,21,1,0.1
691,7.499999999999998,22,1,0.1
692,5.8,35,1,0.1
693,7.8999999999999995,22,1,0.1
694,6.799999999999999,25,1,0.1
695,7.399999999999999,23,1,0.1
696,6.999999999999998,23,1,0.1
697,8.0,21,1,0.1
698,7.499999999999998,22,1,0.1
699,6.099999999999998,28,1,0.1
700,6.1999999999999975,27,1,0.1
701,6.399999999999999,25,1,0.1
702,8.0,21,1,0.1
703,6.399999999999999,29,1,0.1
704,6.999999999999998,23,1,0.1
705,6.899999999999999,28,1,0.1
706,6.499999999999998,24,1,0.1
707,5.100000000000002,34,1,0.1
708,6.8999999999999995,24,1,0.1
709,6.399999999999999,29,1,0.1
710,6.499999999999998,28,1,0.1
711,6.699999999999998,26,1,0.1
712,5.899999999999999,34,1,0.1
713,7.6,21,1,0.1
714,7.399999999999999,23,1,0.1
715,7.8999999999999995,22,1,0.1
716,6.799999999999999,25,1,0.1
717,5.999999999999998,29,1,0.1
718,7.299999999999999,28,1,0.1
719,7.699999999999999,20,1,0.1
720,6.899999999999999,24,1,0.1
721,5.699999999999999,24,1,0.1
722,5.799999999999999,27,1,0.1
723,6.699999999999999,22,1,0.1
724,5.999999999999998,29,1,0.1
725,8.1,20,1,0.1
726,7.299999999999999,24,1,0.1
727,6.999999999999999,23,1,0.1
728,7.299999999999999,24,1,0.1
729,7.1,26,1,0.1
730,7.299999999999999,24,1,0.1
731,6.899999999999999,24,1,0.1
732,7.099999999999999,26,1,0.1
733,7.499999999999999,22,1,0.1
734,5.899999999999999,34,1,0.1
735,6.6,27,1,0.1
736,6.199999999999999,31,1,0.1
737,7.1,26,1,0.1
738,7.299999999999999,28,1,0.1
739,8.1,20,1,0.1
740,7.699999999999999,20,1,0.1
741,6.6,23,1,0.1
742,7.8999999999999995,22,1,0.1
743,7.399999999999999,27,1,0.1
744,6.599999999999999,27,1,0.1
745,7.6,25,1,0.1
746,7.299999999999999,24,1,0.1
747,7.199999999999999,25,1,0.1
748,7.499999999999999,22,1,0.1
749,7.299999999999999,28,1,0.1
750,8.0,21,1,0.1
751,7.699999999999999,20,1,0.1
752,8.1,20,1,0.1
753,6.899999999999999,28,1,0.1
754,8.0,21,1,0.1
755,6.699999999999999,22,1,0.1
756,8.0,21,1,0.1
757,7.699999999999999,20,1,0.1
758,6.199999999999999,31,1,0.1
759,7.799999999999999,23,1,0.1
760,6.699999999999999,26,1,0.1
761,6.199999999999999,23,1,0.1
762,6.6,27,1,0.1
763,8.1,20,1,0.1
764,7.6,21,1,0.1
765,7.3999999999999995,23,1,0.1
766,7.8999999999999995,22,1,0.1
767,4.699999999999999,42,1,0.1
768,6.399999999999999,25,1,0.1
769,7.299999999999999,24,1,0.1
770,5.899999999999999,26,1,0.1
771,7.099999999999999,30,1,0.1
772,6.499999999999998,28,1,0.1
773,6.899999999999999,24,1,0.1
774,7.8999999999999995,22,1,0.1
775,5.0,27,1,0.1
776,6.799999999999999,29,1,0.1
777,7.699999999999999,20,1,0.1
778,6.1999999999999975,31,1,0.1
779,6.699999999999998,26,1,0.1
780,7.199999999999999,21,1,0.1
781,6.899999999999999,24,1,0.1
782,6.299999999999997,30,1,0.1
783,6.899999999999999,24,1,0.1
784,6.999999999999998,27,1,0.1
785,7.799999999999999,23,1,0.1
786,6.699999999999998,26,1,0.1
787,7.5,22,1,0.1
788,5.200000000000002,29,1,0.1
789,6.699999999999998,26,1,0.1
790,7.199999999999999,25,1,0.1
791,7.499999999999999,22,1,0.1
792,6.999999999999998,27,1,0.1
793,6.899999999999999,24,1,0.1
794,7.1,22,1,0.1
795,6.999999999999998,27,1,0.1
796,7.0,23,1,0.1
797,6.999999999999999,23,1,0.1
798,7.699999999999999,20,1,0.1
799,3.6000000000000014,33,1,0.1
800,7.499999999999999,22,1,0.1
801,7.399999999999999,23,1,0.1
802,7.499999999999998,22,1,0.1
803,6.699999999999999,26,1,0.1
804,5.599999999999998,29,1,0.1
805,5.1,30,1,0.1
806,7.8999999999999995,22,1,0.1
807,7.3999999999999995,23,1,0.1
808,5.8999999999999995,26,1,0.1
809,7.699999999999999,20,1,0.1
810,7.5,22,1,0.1
811,6.399999999999999,29,1,0.1
812,8.1,20,1,0.1
813,7.699999999999999,20,1,0.1
814,7.199999999999999,21,1,0.1
815,6.199999999999998,31,1,0.1
816,6.899999999999999,28,1,0.1
817,7.1,22,1,0.1
818,7.199999999999999,21,1,0.1
819,6.899999999999999,24,1,0.1
820,6.999999999999999,27,1,0.1
821,7.3999999999999995,23,1,0.1
822,5.799999999999999,31,1,0.1
823,6.6999999999999975,26,1,0.1
824,6.299999999999999,26,1,0.1
825,7.699999999999999,20,1,0.1
826,6.8999999999999995,24,1,0.1
827,7.699999999999999,20,1,0.1
828,6.599999999999999,27,1,0.1
829,7.6,25,1,0.1
830,7.499999999999999,22,1,0.1
831,7.199999999999999,21,1,0.1
832,6.699999999999999,22,1,0.1
833,7.3999999999999995,23,1,0.1
834,7.199999999999999,29,1,0.1
835,7.0,23,1,0.1
836,6.899999999999999,24,1,0.1
837,5.8,35,1,0.1
838,5.499999999999998,30,1,0.1
839,6.399999999999999,25,1,0.1
840,8.0,21,1,0.1
841,7.199999999999999,25,1,0.1
842,6.6,27,1,0.1
843,7.699999999999999,20,1,0.1
844,6.599999999999998,23,1,0.1
845,7.699999999999999,20,1,0.1
846,8.2,19,1,0.1
847,6.399999999999999,25,1,0.1
848,8.0,21,1,0.1
849,7.499999999999999,22,1,0.1
850,7.699999999999999,20,1,0.1
851,7.299999999999999,24,1,0.1
852,6.199999999999999,31,1,0.1
853,6.6,27,1,0.1
854,7.299999999999999,24,1,0.1
855,4.500000000000003,36,1,0.1
856,7.699999999999999,24,1,0.1
857,7.699999999999999,20,1,0.1
858,6.6,27,1,0.1
859,7.499999999999999,22,1,0.1
860,6.899999999999999,28,1,0.1
861,7.299999999999999,24,1,0.1
862,7.6,25,1,0.1
863,6.399999999999999,25,1,0.1
864,7.299999999999999,24,1,0.1
865,6.599999999999999,27,1,0.1
866,7.399999999999999,23,1,0.1
867,6.299999999999999,26,1,0.1
868,5.8999999999999995,34,1,0.1
869,6.699999999999998,26,1,0.1
870,5.8,27,1,0.1
871,6.6,23,1,0.1
872,6.699999999999999,26,1,0.1
873,7.099999999999999,22,1,0.1
874,6.299999999999999,26,1,0.1
875,6.799999999999999,29,1,0.1
876,8.2,19,1,0.1
877,7.699999999999999,20,1,0.1
878,6.899999999999999,24,1,0.1
879,5.999999999999998,33,1,0.1
880,6.299999999999999,26,1,0.1
881,5.999999999999999,25,1,0.1
882,6.699999999999998,26,1,0.1
883,4.400000000000003,37,1,0.1
884,6.499999999999998,28,1,0.1
885,6.899999999999999,28,1,0.1
886,7.099999999999999,26,1,0.1
887,6.999999999999999,23,1,0.1
888,7.299999999999999,24,1,0.1
889,7.1,22,1,0.1
890,6.799999999999998,29,1,0.1
891,7.699999999999999,20,1,0.1
892,7.699999999999999,20,1,0.1
893,6.699999999999998,26,1,0.1
894,4.9,32,1,0.1
895,6.199999999999999,27,1,0.1
896,7.5,22,1,0.1
897,6.499999999999999,24,1,0.1
898,7.299999999999999,24,1,0.1
899,5.7,28,1,0.1
900,5.300000000000002,28,1,0.1
901,6.8999999999999995,24,1,0.1
902,7.799999999999999,23,1,0.1
903,7.199999999999999,25,1,0.1
904,7.1,26,1,0.1
905,6.699999999999999,30,1,0.1
906,6.999999999999999,23,1,0.1
907,3.5000000000000018,42,1,0.1
908,6.699999999999999,22,1,0.1
909,6.799999999999999,25,1,0.1
910,6.599999999999998,27,1,0.1
911,6.599999999999999,27,1,0.1
912,6.099999999999999,28,1,0.1
913,7.499999999999998,22,1,0.1
914,7.0,23,1,0.1
915,6.799999999999999,25,1,0.1
916,5.6,29,1,0.1
917,7.199999999999999,25,1,0.1
918,7.799999999999999,23,1,0.1
919,5.1,34,1,0.1
920,5.399999999999999,31,1,0.1
921,7.5,22,1,0.1
922,6.8999999999999995,24,1,0.1
923,6.999999999999998,23,1,0.1
924,7.3999999999999995,23,1,0.1
925,6.899999999999999,24,1,0.1
926,7.1,26,1,0.1
927,7.699999999999999,24,1,0.1
928,7.099999999999998,26,1,0.1
929,6.399999999999999,25,1,0.1
930,6.299999999999999,26,1,0.1
931,5.8,27,1,0.1
932,6.799999999999999,25,1,0.1
933,6.1999999999999975,27,1,0.1
934,7.199999999999999,21,1,0.1
935,6.499999999999998,28,1,0.1
936,6.899999999999999,28,1,0.1
937,6.999999999999999,23,1,0.1
938,8.1,20,1,0.1
939,6.399999999999999,25,1,0.1
940,7.6,25,1,0.1
941,6.799999999999999,25,1,0.1
942,6.199999999999998,27,1,0.1
943,7.399999999999999,23,1,0.1
944,6.199999999999999,23,1,0.1
945,6.199999999999999,27,1,0.1
946,7.499999999999999,22,1,0.1
947,6.6,23,1,0.1
948,5.5,26,1,0.1
949,7.5,22,1,0.1
950,7.099999999999999,26,1,0.1
951,7.699999999999999,20,1,0.1
952,7.6,21,1,0.1
953,6.199999999999999,27,1,0.1
954,6.199999999999999,23,1,0.1
955,8.0,21,1,0.1
956,7.8999999999999995,22,1,0.1
957,6.1,24,1,0.1
958,7.299999999999999,24,1,0.1
959,5.8999999999999995,30,1,0.1
960,5.8,31,1,0.1
961,6.499999999999999,24,1,0.1
962,8.0,21,1,0.1
963,8.0,21,1,0.1
964,7.199999999999999,25,1,0.1
965,8.2,19,1,0.1
966,7.399999999999999,23,1,0.1
967,5.899999999999999,26,1,0.1
968,5.399999999999999,27,1,0.1
969,6.699999999999999,26,1,0.1
970,6.699999999999999,26,1,0.1
971,6.199999999999999,23,1,0.1
972,7.299999999999999,24,1,0.1
973,7.199999999999999,21,1,0.1
974,7.699999999999999,24,1,0.1
975,6.699999999999999,30,1,0.1
976,5.1000000000000005,34,1,0.1
977,7.199999999999999,21,1,0.1
978,7.699999999999999,24,1,0.1
979,6.699999999999998,26,1,0.1
980,6.199999999999998,27,1,0.1
981,6.199999999999998,27,1,0.1
982,7.199999999999998,25,1,0.1
983,5.3999999999999995,31,1,0.1
984,6.799999999999999,25,1,0.1
985,6.999999999999998,23,1,0.1
986,7.199999999999999,21,1,0.1
987,6.599999999999998,27,1,0.1
988,5.7,28,1,0.1
989,5.999999999999999,25,1,0.1
990,6.1999999999999975,27,1,0.1
991,7.6,21,1,0.1
992,7.099999999999999,22,1,0.1
993,7.8999999999999995,22,1,0.1
994,7.3999999999999995,23,1,0.1
995,6.199999999999998,31,1,0.1
996,6.999999999999999,23,1,0.1
997,7.5,22,1,0.1
998,7.099999999999999,22,1,0.1
999,6.299999999999999,26,1,0.1
1000,6.199999999999999,23,1,0.1
1001,7.8999999999999995,22,1,0.1
1002,6.999999999999998,23,1,0.1
1003,5.6,29,1,0.1
1004,6.799999999999999,25,1,0.1
1005,7.699999999999999,24,1,0.1
1006,6.199999999999999,23,1,0.1
1007,7.6,21,1,0.1
1008,4.800000000000001,29,1,0.1
1009,8.0,21,1,0.1
1010,7.499999999999999,26,1,0.1
1011,7.599999999999999,21,1,0.1
1012,5.6,25,1,0.1
1013,7.499999999999999,22,1,0.1
1014,7.499999999999999,22,1,0.1
1015,6.299999999999999,26,1,0.1
1016,6.399999999999999,25,1,0.1
1017,7.3999999999999995,23,1,0.1
1018,8.0,21,1,0.1
1019,6.799999999999999,25,1,0.1
1020,7.499999999999999,22,1,0.1
1021,6.6,27,1,0.1
1022,7.6,21,1,0.1
1023,7.799999999999999,23,1,0.1
1024,7.1,22,1,0.1
1025,7.8999999999999995,22,1,0.1
1026,8.2,19,1,0.1
1027,7.099999999999999,22,1,0.1
1028,7.499999999999998,22,1,0.1
1029,6.299999999999999,26,1,0.1
1030,5.399999999999999,27,1,0.1
1031,6.499999999999999,24,1,0.1
1032,7.1,26,1,0.1
1033,8.2,19,1,0.1
1034,6.599999999999999,23,1,0.1
1035,7.499999999999999,22,1,0.1
1036,6.499999999999999,24,1,0.1
1037,7.699999999999999,20,1,0.1
1038,7.8999999999999995,22,1,0.1
1039,8.0,21,1,0.1
1040,7.399999999999999,27,1,0.1
1041,6.999999999999998,23,1,0.1
1042,7.399999999999999,27,1,0.1
1043,8.2,19,1,0.1
1044,6.699999999999999,26,1,0.1
1045,7.299999999999999,24,1,0.1
1046,7.799999999999999,23,1,0.1
1047,7.099999999999998,26,1,0.1
1048,6.599999999999999,23,1,0.1
1049,5.4,31,1,0.1
1050,6.799999999999999,25,1,0.1
1051,7.199999999999999,21,1,0.1
1052,6.799999999999999,25,1,0.1
1053,6.699999999999998,26,1,0.1
1054,6.6,27,1,0.1
1055,7.8999999999999995,22,1,0.1
1056,8.1,20,1,0.1
1057,8.2,19,1,0.1
1058,7.499999999999998,22,1,0.1
1059,7.199999999999999,21,1,0.1
1060,5.999999999999999,29,1,0.1
1061,7.8999999999999995,22,1,0.1
1062,6.399999999999999,25,1,0.1
1063,6.799999999999999,25,1,0.1
1064,6.999999999999999,23,1,0.1
1065,5.6000000000000005,25,1,0.1
1066,7.6,25,1,0.1
1067,7.5,22,1,0.1
1068,7.499999999999999,26,1,0.1
1069,7.799999999999999,23,1,0.1
1070,6.899999999999999,24,1,0.1
1071,6.999999999999999,23,1,0.1
1072,6.499999999999998,24,1,0.1
1073,5.699999999999999,36,1,0.1
1074,6.099999999999998,28,1,0.1
1075,6.399999999999999,25,1,0.1
1076,7.099999999999999,22,1,0.1
1077,5.500000000000001,26,1,0.1
1078,6.799999999999999,25,1,0.1
1079,7.699999999999999,20,1,0.1
1080,6.799999999999999,25,1,0.1
1081,7.399999999999999,23,1,0.1
1082,6.899999999999999,28,1,0.1
1083,6.999999999999998,23,1,0.1
1084,7.099999999999998,26,1,0.1
1085,6.499999999999998,28,1,0.1
1086,7.1,22,1,0.1
1087,6.699999999999999,26,1,0.1
1088,6.799999999999999,25,1,0.1
1089,7.6,21,1,0.1
1090,5.399999999999999,31,1,0.1
1091,6.399999999999999,29,1,0.1
1092,8.2,19,1,0.1
1093,7.099999999999999,26,1,0.1
1094,6.599999999999998,27,1,0.1
1095,7.299999999999999,24,1,0.1
1096,7.299999999999999,24,1,0.1
1097,6.899999999999999,28,1,0.1
1098,7.699999999999999,20,1,0.1
1099,5.699999999999999,28,1,0.1
1100,6.599999999999998,27,1,0.1
1101,7.099999999999998,26,1,0.1
1102,6.499999999999998,24,1,0.1
1103,8.2,19,1,0.1
1104,6.899999999999999,24,1,0.1
1105,5.400000000000001,31,1,0.1
1106,7.8999999999999995,22,1,0.1
1107,6.199999999999999,23,1,0.1
1108,5.999999999999998,29,1,0.1
1109,6.799999999999999,25,1,0.1
1110,8.2,19,1,0.1
1111,6.299999999999999,26,1,0.1
1112,6.799999999999999,25,1,0.1
1113,7.5,22,1,0.1
1114,7.6,25,1,0.1
1115,6.699999999999998,26,1,0.1
1116,7.199999999999999,21,1,0.1
1117,7.699999999999999,20,1,0.1
1118,6.199999999999999,23,1,0.1
1119,6.999999999999998,23,1,0.1
1120,5.8999999999999995,30,1,0.1
1121,6.699999999999999,22,1,0.1
1122,7.3999999999999995,23,1,0.1
1123,6.099999999999998,28,1,0.1
1124,8.0,21,1,0.1
1125,7.5,22,1,0.1
1126,7.399999999999999,23,1,0.1
1127,6.499999999999999,24,1,0.1
1128,8.0,21,1,0.1
1129,6.199999999999998,31,1,0.1
1130,7.699999999999999,24,1,0.1
1131,6.399999999999999,29,1,0.1
1132,6.999999999999999,23,1,0.1
1133,7.199999999999999,25,1,0.1
1134,7.199999999999999,25,1,0.1
1135,7.199999999999999,21,1,0.1
1136,6.599999999999999,27,1,0.1
1137,7.299999999999999,24,1,0.1
1138,6.699999999999999,22,1,0.1
1139,8.0,21,1,0.1
1140,6.799999999999998,25,1,0.1
1141,8.2,19,1,0.1
1142,6.999999999999999,23,1,0.1
1143,6.899999999999999,24,1,0.1
1144,7.699999999999999,24,1,0.1
1145,6.699999999999999,22,1,0.1
1146,6.199999999999998,31,1,0.1
1147,8.2,19,1,0.1
1148,6.999999999999999,27,1,0.1
1149,7.299999999999999,24,1,0.1
1150,5.6000000000000005,29,1,0.1
1151,7.199999999999998,25,1,0.1
1152,8.0,21,1,0.1
1153,8.0,21,1,0.1
1154,7.299999999999999,28,1,0.1
1155,7.0,23,1,0.1
1156,7.799999999999999,23,1,0.1
1157,5.899999999999999,30,1,0.1
1158,5.8999999999999995,30,1,0.1
1159,7.6,25,1,0.1
1160,7.3999999999999995,23,1,0.1
1161,4.300000000000001,30,1,0.1
1162,6.899999999999999,28,1,0.1
1163,7.499999999999999,22,1,0.1
1164,7.699999999999999,20,1,0.1
1165,8.2,19,1,0.1
1166,7.6,21,1,0.1
1167,6.399999999999999,25,1,0.1
1168,5.6,29,1,0.1
1169,7.199999999999999,21,1,0.1
1170,7.699999999999999,20,1,0.1
1171,6.099999999999998,32,1,0.1
1172,7.799999999999999,23,1,0.1
1173,7.699999999999999,20,1,0.1
1174,7.3999999999999995,23,1,0.1
1175,6.999999999999998,23,1,0.1
1176,6.499999999999999,28,1,0.1
1177,7.699999999999999,20,1,0.1
1178,7.1,22,1,0.1
1179,6.799999999999999,29,1,0.1
1180,5.6000000000000005,29,1,0.1
1181,6.299999999999999,26,1,0.1
1182,6.699999999999999,26,1,0.1
1183,8.0,21,1,0.1
1184,5.999999999999999,25,1,0.1
1185,6.699999999999998,26,1,0.1
1186,7.699999999999999,20,1,0.1
1187,7.299999999999999,24,1,0.1
1188,5.5,30,1,0.1
1189,7.699999999999999,20,1,0.1
1190,8.1,20,1,0.1
1191,5.899999999999999,30,1,0.1
1192,8.0,21,1,0.1
1193,7.5,22,1,0.1
1194,7.199999999999999,21,1,0.1
1195,5.8999999999999995,26,1,0.1
1196,7.8999999999999995,22,1,0.1
1197,7.799999999999999,23,1,0.1
1198,5.3,28,1,0.1
1199,7.299999999999999,24,1,0.1
1200,7.099999999999999,26,1,0.1
1201,6.999999999999998,27,1,0.1
1202,7.399999999999999,23,1,0.1
1203,8.1,20,1,0.1
1204,6.199999999999999,27,1,0.1
1205,5.8999999999999995,26,1,0.1
1206,6.599999999999999,23,1,0.1
1207,6.999999999999998,23,1,0.1
1208,7.399999999999999,23,1,0.1
1209,7.199999999999998,25,1,0.1
1210,6.499999999999998,28,1,0.1
1211,8.2,19,1,0.1
1212,5.6,29,1,0.1
1213,7.699999999999999,24,1,0.1
1214,7.199999999999999,21,1,0.1
1215,8.2,19,1,0.1
1216,7.199999999999999,21,1,0.1
1217,6.399999999999999,25,1,0.1
1218,6.099999999999999,28,1,0.1
1219,8.2,19,1,0.1
1220,7.499999999999998,22,1,0.1
1221,6.999999999999999,27,1,0.1
1222,7.8999999999999995,22,1,0.1
1223,7.499999999999999,22,1,0.1
1224,6.199999999999998,27,1,0.1
1225,6.699999999999998,30,1,0.1
1226,7.399999999999999,23,1,0.1
1227,7.799999999999999,23,1,0.1
1228,8.2,19,1,0.1
1229,7.499999999999999,26,1,0.1
1230,7.8999999999999995,22,1,0.1
1231,7.299999999999999,24,1,0.1
1232,8.0,21,1,0.1
1233,7.499999999999999,22,1,0.1
1234,7.799999999999999,23,1,0.1
1235,6.899999999999999,24,1,0.1
1236,4.500000000000003,36,1,0.1
1237,7.5,22,1,0.1
1238,8.2,19,1,0.1
1239,5.6,33,1,0.1
1240,7.6,21,1,0.1
1241,5.8,27,1,0.1
1242,7.6,21,1,0.1
1243,7.399999999999999,23,1,0.1
1244,5.1,30,1,0.1
1245,7.499999999999999,22,1,0.1
1246,6.899999999999999,24,1,0.1
1247,6.899999999999999,24,1,0.1
1248,7.399999999999999,23,1,0.1
1249,6.999999999999998,27,1,0.1
1250,6.999999999999998,23,1,0.1
1251,7.3999999999999995,23,1,0.1
1252,8.2,19,1,0.1
1253,7.5,22,1,0.1
1254,7.199999999999999,25,1,0.1
1255,6.799999999999999,25,1,0.1
1256,4.300000000000002,30,1,0.1
1257,8.0,21,1,0.1
1258,6.6999999999999975,30,1,0.1
1259,7.699999999999999,24,1,0.1
1260,7.399999999999999,23,1,0.1
1261,6.899999999999999,28,1,0.1
1262,6.299999999999999,26,1,0.1
1263,5.599999999999999,29,1,0.1
1264,7.399999999999999,23,1,0.1
1265,7.699999999999999,20,1,0.1
1266,4.200000000000003,35,1,0.1
1267,6.499999999999998,24,1,0.1
1268,7.499999999999999,22,1,0.1
1269,5.6,29,1,0.1
1270,7.699999999999999,20,1,0.1
1271,6.199999999999998,27,1,0.1
1272,7.6,21,1,0.1
1273,7.699999999999999,24,1,0.1
1274,6.599999999999999,27,1,0.1
1275,6.699999999999999,26,1,0.1
1276,8.2,19,1,0.1
1277,5.3999999999999995,31,1,0.1
1278,6.699999999999998,26,1,0.1
1279,7.399999999999999,23,1,0.1
1280,8.0,21,1,0.1
1281,7.299999999999999,24,1,0.1
1282,5.1000000000000005,30,1,0.1
1283,7.6,25,1,0.1
1284,6.899999999999999,24,1,0.1
1285,8.0,21,1,0.1
1286,7.1,26,1,0.1
1287,6.899999999999999,24,1,0.1
1288,7.199999999999999,25,1,0.1
1289,6.699999999999999,26,1,0.1
1290,6.499999999999999,28,1,0.1
1291,7.199999999999999,21,1,0.1
1292,6.499999999999998,28,1,0.1
1293,6.799999999999999,25,1,0.1
1294,7.699999999999999,20,1,0.1
1295,7.8999999999999995,22,1,0.1
1296,7.299999999999999,24,1,0.1
1297,6.399999999999999,25,1,0.1
1298,5.999999999999998,25,1,0.1
1299,4.400000000000002,29,1,0.1
1300,6.799999999999999,25,1,0.1
1301,7.699999999999999,20,1,0.1
1302,5.8,31,1,0.1
1303,7.5,22,1,0.1
1304,8.2,19,1,0.1
1305,5.399999999999999,31,1,0.1
1306,7.399999999999999,23,1,0.1
1307,6.099999999999999,24,1,0.1
1308,6.899999999999999,24,1,0.1
1309,6.8999999999999995,24,1,0.1
1310,7.499999999999999,22,1,0.1
1311,6.999999999999998,23,1,0.1
1312,7.099999999999998,26,1,0.1
1313,6.799999999999999,29,1,0.1
1314,7.299999999999999,28,1,0.1
1315,7.6,21,1,0.1
1316,7.299999999999999,24,1,0.1
1317,6.199999999999998,27,1,0.1
1318,6.599999999999999,27,1,0.1
1319,7.499999999999999,26,1,0.1
1320,7.299999999999999,24,1,0.1
1321,7.699999999999999,20,1,0.1
1322,5.2,29,1,0.1
1323,7.799999999999999,23,1,0.1
1324,6.799999999999999,25,1,0.1
1325,6.199999999999998,27,1,0.1
1326,7.199999999999998,25,1,0.1
1327,6.6,27,1,0.1
1328,6.999999999999998,23,1,0.1
1329,6.299999999999999,26,1,0.1
1330,6.999999999999998,27,1,0.1
1331,6.299999999999999,26,1,0.1
1332,5.3999999999999995,31,1,0.1
1333,8.2,19,1,0.1
1334,6.999999999999998,23,1,0.1
1335,7.199999999999999,21,1,0.1
1336,6.6999999999999975,30,1,0.1
1337,6.899999999999999,28,1,0.1
1338,5.999999999999998,29,1,0.1
1339,7.1,22,1,0.1
1340,7.699999999999999,20,1,0.1
1341,6.699999999999998,26,1,0.1
1342,7.8999999999999995,22,1,0.1
1343,7.299999999999999,24,1,0.1
1344,6.499999999999999,28,1,0.1
1345,7.099999999999999,26,1,0.1
1346,7.799999999999999,23,1,0.1
1347,7.299999999999999,24,1,0.1
1348,7.699999999999999,20,1,0.1
1349,6.799999999999999,25,1,0.1
1350,7.199999999999999,21,1,0.1
1351,7.299999999999999,24,1,0.1
1352,8.0,21,1,0.1
1353,8.0,21,1,0.1
1354,5.8999999999999995,26,1,0.1
1355,6.6,23,1,0.1
1356,6.799999999999998,25,1,0.1
1357,6.6,27,1,0.1
1358,7.3999999999999995,23,1,0.1
1359,7.799999999999999,23,1,0.1
1360,6.999999999999998,27,1,0.1
1361,7.199999999999999,25,1,0.1
1362,7.199999999999999,25,1,0.1
1363,7.199999999999999,25,1,0.1
1364,7.199999999999999,25,1,0.1
1365,7.399999999999999,23,1,0.1
1366,6.199999999999998,27,1,0.1
1367,7.299999999999999,24,1,0.1
1368,6.499999999999999,28,1,0.1
1369,5.699999999999999,28,1,0.1
1370,7.099999999999999,22,1,0.1
1371,8.2,19,1,0.1
1372,7.8999999999999995,22,1,0.1
1373,6.999999999999998,23,1,0.1
1374,7.299999999999999,24,1,0.1
1375,5.8,27,1,0.1
1376,6.499999999999999,24,1,0.1
1377,7.699999999999999,20,1,0.1
1378,7.499999999999999,22,1,0.1
1379,5.999999999999999,25,1,0.1
1380,6.799999999999999,25,1,0.1
1381,6.699999999999998,26,1,0.1
1382,7.099999999999998,26,1,0.1
1383,7.6,25,1,0.1
1384,5.799999999999999,31,1,0.1
1385,8.0,21,1,0.1
1386,5.8,27,1,0.1
1387,6.299999999999999,26,1,0.1
1388,7.299999999999999,24,1,0.1
1389,8.1,20,1,0.1
1390,7.299999999999999,24,1,0.1
1391,6.099999999999998,28,1,0.1
1392,7.399999999999999,23,1,0.1
1393,7.1,26,1,0.1
1394,5.1000000000000005,30,1,0.1
1395,6.899999999999999,28,1,0.1
1396,3.5000000000000018,34,1,0.1
1397,7.499999999999998,22,1,0.1
1398,4.500000000000001,28,1,0.1
1399,6.999999999999998,27,1,0.1
1400,5.999999999999998,25,1,0.1
1401,6.6,23,1,0.1
1402,6.599999999999999,31,1,0.1
1403,7.199999999999999,25,1,0.1
1404,6.099999999999999,24,1,0.1
1405,7.099999999999999,26,1,0.1
1406,7.499999999999999,26,1,0.1
1407,7.099999999999999,26,1,0.1
1408,-26.200000000000024,103,1,0.1
1409,8.0,21,1,0.1
1410,-57.80000000000007,215,1,0.1
1411,-15.500000000000028,104,1,0.1
1412,-73.30000000000001,270,1,0.1
1413,-51.30000000000003,174,1,0.1
1414,-47.40000000000004,155,1,0.1
1415,-60.400000000000034,273,1,0.1
1416,-8.600000000000001,123,1,0.1
1417,-48.50000000000028,402,1,0.1
1418,5.199999999999999,41,1,0.1
1419,7.299999999999999,24,1,0.1
1420,-0.9999999999999805,99,1,0.1
1421,6.899999999999999,28,1,0.1
1422,6.399999999999999,29,1,0.1
1423,3.2000000000000064,61,1,0.1
1424,5.000000000000002,31,1,0.1
1425,5.000000000000001,35,1,0.1
1426,7.3999999999999995,23,1,0.1
1427,5.699999999999999,28,1,0.1
1428,6.899999999999999,24,1,0.1
1429,7.3999999999999995,23,1,0.1
1430,7.699999999999999,20,1,0.1
1431,8.0,21,1,0.1
1432,8.0,21,1,0.1
1433,7.6,21,1,0.1
1434,6.099999999999999,28,1,0.1
1435,6.399999999999999,25,1,0.1
1436,7.399999999999999,27,1,0.1
1437,7.099999999999998,26,1,0.1
1438,7.8999999999999995,22,1,0.1
1439,7.499999999999999,22,1,0.1
1440,5.899999999999999,30,1,0.1
1441,7.8999999999999995,22,1,0.1
1442,7.199999999999999,25,1,0.1
1443,7.6,25,1,0.1
1444,8.1,20,1,0.1
1445,5.100000000000003,30,1,0.1
1446,6.899999999999999,24,1,0.1
1447,5.7,28,1,0.1
1448,7.199999999999998,25,1,0.1
1449,7.0,23,1,0.1
1450,6.099999999999998,28,1,0.1
1451,6.899999999999999,28,1,0.1
1452,6.499999999999998,28,1,0.1
1453,6.399999999999999,25,1,0.1
1454,6.899999999999999,24,1,0.1
1455,7.8999999999999995,22,1,0.1
1456,7.8999999999999995,22,1,0.1
1457,7.699999999999999,20,1,0.1
1458,4.8,29,1,0.1
1459,8.2,19,1,0.1
1460,7.499999999999998,22,1,0.1
1461,5.100000000000001,34,1,0.1
1462,7.8999999999999995,22,1,0.1
1463,6.499999999999998,24,1,0.1
1464,6.399999999999999,25,1,0.1
1465,6.399999999999999,25,1,0.1
1466,6.199999999999999,23,1,0.1
1467,6.499999999999999,28,1,0.1
1468,6.299999999999999,26,1,0.1
1469,5.599999999999999,29,1,0.1
1470,8.0,21,1,0.1
1471,7.599999999999999,21,1,0.1
1472,7.199999999999999,25,1,0.1
1473,6.899999999999999,24,1,0.1
1474,6.999999999999999,23,1,0.1
1475,7.699999999999999,20,1,0.1
1476,7.299999999999999,24,1,0.1
1477,8.2,19,1,0.1
1478,6.199999999999999,23,1,0.1
1479,6.799999999999999,25,1,0.1
1480,7.399999999999999,27,1,0.1
1481,7.499999999999999,22,1,0.1
1482,6.999999999999998,23,1,0.1
1483,6.799999999999999,25,1,0.1
1484,8.1,20,1,0.1
1485,6.099999999999999,24,1,0.1
1486,7.0,23,1,0.1
1487,7.199999999999999,21,1,0.1
1488,8.1,20,1,0.1
1489,7.799999999999999,23,1,0.1
1490,6.399999999999999,25,1,0.1
1491,5.3,32,1,0.1
1492,6.299999999999999,26,1,0.1
1493,5.500000000000001,34,1,0.1
1494,5.799999999999999,27,1,0.1
1495,7.799999999999999,23,1,0.1
1496,5.100000000000002,30,1,0.1
1497,7.499999999999998,22,1,0.1
1498,7.299999999999999,24,1,0.1
1499,7.8999999999999995,22,1,0.1
1500,7.3999999999999995,23,1,0.1
