algo,grid,state_mode,seed,sigma,lr,gamma,hidden_size,max_range,episodes,max_steps,final_success_rate,final_mean_reward,final_mean_steps,run_name
DQN,A1_grid,gps,0,0.0,0.0001,0.99,256,full,500,500,1.0,7.599999999999999,25.0,dqn_A1_grid_gps_seed0_sigma0.0_lr0.0001_g0.99_h256_rangefull
DQN,A1_grid,gps,0,0.0,0.0005,0.99,256,full,500,500,1.0,8.0,21.0,dqn_A1_grid_gps_seed0_sigma0.0_lr0.0005_g0.99_h256_rangefull
DQN,A1_grid,gps,0,0.0,0.001,0.99,256,full,500,500,0.0,-50.00000000000044,500.0,dqn_A1_grid_gps_seed0_sigma0.0_lr0.001_g0.99_h256_rangefull
DQN,A1_grid,gps,0,0.1,0.0005,0.99,256,full,500,500,1.0,4.849999999999999,29.7,dqn_A1_grid_gps_seed0_sigma0.1_lr0.0005_g0.99_h256_rangefull
DQN,A1_grid,gps,1,0.0,0.0001,0.99,256,full,500,500,0.0,-50.00000000000044,500.0,dqn_A1_grid_gps_seed1_sigma0.0_lr0.0001_g0.99_h256_rangefull
DQN,A1_grid,gps,1,0.0,0.0005,0.99,256,full,500,500,1.0,8.0,21.0,dqn_A1_grid_gps_seed1_sigma0.0_lr0.0005_g0.99_h256_rangefull
DQN,A1_grid,gps,1,0.0,0.001,0.99,256,full,500,500,1.0,8.2,19.0,dqn_A1_grid_gps_seed1_sigma0.0_lr0.001_g0.99_h256_rangefull
DQN,A1_grid,gps,1,0.1,0.0005,0.99,256,full,500,500,1.0,-6.719999999999999,52.6,dqn_A1_grid_gps_seed1_sigma0.1_lr0.0005_g0.99_h256_rangefull
DQN,A1_grid,gps,2,0.0,0.0001,0.99,256,full,500,500,1.0,7.799999999999999,23.0,dqn_A1_grid_gps_seed2_sigma0.0_lr0.0001_g0.99_h256_rangefull
DQN,A1_grid,gps,2,0.0,0.0005,0.99,256,full,500,500,0.0,-50.00000000000044,500.0,dqn_A1_grid_gps_seed2_sigma0.0_lr0.0005_g0.99_h256_rangefull
DQN,A1_grid,gps,2,0.0,0.001,0.99,256,full,500,500,1.0,8.2,19.0,dqn_A1_grid_gps_seed2_sigma0.0_lr0.001_g0.99_h256_rangefull
DQN,A1_grid,gps,2,0.1,0.0005,0.99,256,full,500,500,1.0,7.619999999999999,21.6,dqn_A1_grid_gps_seed2_sigma0.1_lr0.0005_g0.99_h256_rangefull
DQN,A1_grid,gps,3,0.0,0.0001,0.99,256,full,500,500,0.0,-50.00000000000044,500.0,dqn_A1_grid_gps_seed3_sigma0.0_lr0.0001_g0.99_h256_rangefull
DQN,A1_grid,gps,3,0.0,0.0005,0.99,256,full,500,500,1.0,8.2,19.0,dqn_A1_grid_gps_seed3_sigma0.0_lr0.0005_g0.99_h256_rangefull
DQN,A1_grid,gps,3,0.0,0.001,0.99,256,full,500,500,1.0,8.099999999999998,20.0,dqn_A1_grid_gps_seed3_sigma0.0_lr0.001_g0.99_h256_rangefull
DQN,A1_grid,gps,3,0.1,0.0005,0.99,256,full,500,500,0.0,-53.120000000000445,500.0,dqn_A1_grid_gps_seed3_sigma0.1_lr0.0005_g0.99_h256_rangefull
DQN,A1_grid,gps,42,0.0,0.0001,0.99,256,full,500,500,0.0,-50.00000000000044,500.0,dqn_A1_grid_gps_seed42_sigma0.0_lr0.0001_g0.99_h256_rangefull
DQN,A1_grid,gps,42,0.0,0.0005,0.99,256,full,500,500,1.0,8.2,19.0,dqn_A1_grid_gps_seed42_sigma0.0_lr0.0005_g0.99_h256_rangefull
DQN,A1_grid,gps,42,0.0,0.001,0.99,256,full,500,500,1.0,8.2,19.0,dqn_A1_grid_gps_seed42_sigma0.0_lr0.001_g0.99_h256_rangefull
DQN,A1_grid,gps,42,0.1,0.0005,0.99,256,full,500,500,1.0,7.889999999999999,20.1,dqn_A1_grid_gps_seed42_sigma0.1_lr0.0005_g0.99_h256_rangefull
DQN,A1_grid,gps,4,0.0,0.0001,0.99,256,full,500,500,0.0,-50.00000000000044,500.0,dqn_A1_grid_gps_seed4_sigma0.0_lr0.0001_g0.99_h256_rangefull
DQN,A1_grid,gps,4,0.0,0.0005,0.99,256,full,500,500,1.0,8.2,19.0,dqn_A1_grid_gps_seed4_sigma0.0_lr0.0005_g0.99_h256_rangefull
DQN,A1_grid,gps,4,0.0,0.001,0.99,256,full,500,500,1.0,8.2,19.0,dqn_A1_grid_gps_seed4_sigma0.0_lr0.001_g0.99_h256_rangefull
DQN,A1_grid,gps,4,0.1,0.0005,0.99,256,full,500,500,1.0,7.7700000000000005,21.3,dqn_A1_grid_gps_seed4_sigma0.1_lr0.0005_g0.99_h256_rangefull
DQN,A1_grid,gps,5,0.0,0.0001,0.99,256,full,500,500,0.0,-50.00000000000044,500.0,dqn_A1_grid_gps_seed5_sigma0.0_lr0.0001_g0.99_h256_rangefull
DQN,A1_grid,gps,5,0.0,0.0005,0.99,256,full,500,500,1.0,7.7,24.0,dqn_A1_grid_gps_seed5_sigma0.0_lr0.0005_g0.99_h256_rangefull
DQN,A1_grid,gps,5,0.0,0.001,0.99,256,full,500,500,1.0,8.2,19.0,dqn_A1_grid_gps_seed5_sigma0.0_lr0.001_g0.99_h256_rangefull
DQN,A1_grid,gps,5,0.1,0.0005,0.99,256,full,500,500,1.0,7.669999999999999,21.1,dqn_A1_grid_gps_seed5_sigma0.1_lr0.0005_g0.99_h256_rangefull
DQN,A1_grid,gps,6,0.0,0.0001,0.99,256,full,500,500,1.0,7.7,24.0,dqn_A1_grid_gps_seed6_sigma0.0_lr0.0001_g0.99_h256_rangefull
DQN,A1_grid,gps,6,0.0,0.0005,0.99,256,full,500,500,1.0,8.2,19.0,dqn_A1_grid_gps_seed6_sigma0.0_lr0.0005_g0.99_h256_rangefull
DQN,A1_grid,gps,6,0.0,0.001,0.99,256,full,500,500,1.0,8.2,19.0,dqn_A1_grid_gps_seed6_sigma0.0_lr0.001_g0.99_h256_rangefull
DQN,A1_grid,gps,6,0.1,0.0005,0.99,256,full,500,500,0.0,-55.64000000000044,500.0,dqn_A1_grid_gps_seed6_sigma0.1_lr0.0005_g0.99_h256_rangefull
DQN,A1_grid,gps,7,0.0,0.0001,0.99,256,full,500,500,0.0,-50.00000000000044,500.0,dqn_A1_grid_gps_seed7_sigma0.0_lr0.0001_g0.99_h256_rangefull
DQN,A1_grid,gps,7,0.0,0.0005,0.99,256,full,500,500,1.0,8.099999999999998,20.0,dqn_A1_grid_gps_seed7_sigma0.0_lr0.0005_g0.99_h256_rangefull
DQN,A1_grid,gps,7,0.0,0.001,0.99,256,full,500,500,1.0,8.099999999999998,20.0,dqn_A1_grid_gps_seed7_sigma0.0_lr0.001_g0.99_h256_rangefull
DQN,A1_grid,gps,7,0.1,0.0005,0.99,256,full,500,500,1.0,7.709999999999998,20.3,dqn_A1_grid_gps_seed7_sigma0.1_lr0.0005_g0.99_h256_rangefull
DQN,A1_grid,gps,8,0.0,0.0001,0.99,256,full,500,500,0.0,-50.00000000000044,500.0,dqn_A1_grid_gps_seed8_sigma0.0_lr0.0001_g0.99_h256_rangefull
DQN,A1_grid,gps,8,0.0,0.0005,0.99,256,full,500,500,1.0,8.2,19.0,dqn_A1_grid_gps_seed8_sigma0.0_lr0.0005_g0.99_h256_rangefull
DQN,A1_grid,gps,8,0.0,0.001,0.99,256,full,500,500,1.0,8.2,19.0,dqn_A1_grid_gps_seed8_sigma0.0_lr0.001_g0.99_h256_rangefull
DQN,A1_grid,gps,8,0.1,0.0005,0.99,256,full,500,500,1.0,5.259999999999998,28.0,dqn_A1_grid_gps_seed8_sigma0.1_lr0.0005_g0.99_h256_rangefull
PPO,A1_grid,gps,0,0.0,0.0005,0.99,256,full,2000,2000,0.0,-199.99999999999292,2000.0,ppo_A1_grid_gps_seed0_sigma0.0_lr0.0005_g0.99_h256_episodes2000_max_steps2000_rangefull
PPO,A1_grid,gps,0,0.0,0.0005,0.99,256,full,2000,500,0.0,-50.00000000000044,500.0,ppo_A1_grid_gps_seed0_sigma0.0_lr0.0005_g0.99_h256_episodes2000_max_steps500_rangefull
PPO,A1_grid,gps,0,0.0,0.0005,0.99,256,full,3000,2000,0.0,-199.99999999999292,2000.0,ppo_A1_grid_gps_seed0_sigma0.0_lr0.0005_g0.99_h256_episodes3000_max_steps2000_rangefull
PPO,A1_grid,gps,0,0.0,0.0005,0.99,256,full,3000,500,0.0,-50.00000000000044,500.0,ppo_A1_grid_gps_seed0_sigma0.0_lr0.0005_g0.99_h256_episodes3000_max_steps500_rangefull
PPO,A1_grid,gps,0,0.0,0.0005,0.99,256,full,500,2000,0.0,-199.99999999999292,2000.0,ppo_A1_grid_gps_seed0_sigma0.0_lr0.0005_g0.99_h256_episodes500_max_steps2000_rangefull
PPO,A1_grid,gps,0,0.0,0.0005,0.99,256,full,500,500,0.0,-50.00000000000044,500.0,ppo_A1_grid_gps_seed0_sigma0.0_lr0.0005_g0.99_h256_episodes500_max_steps500_rangefull
PPO,A1_grid,gps,0,0.0,0.0005,0.99,256,full,3000,500,1.0,7.7,24.0,ppo_A1_grid_gps_seed0_sigma0.0_lr0.0005_g0.99_h256_rangefull
PPO,A1_grid,gps,0,0.1,0.0005,0.99,256,full,2000,2000,1.0,-130.71999999999986,267.0,ppo_A1_grid_gps_seed0_sigma0.1_lr0.0005_g0.99_h256_episodes2000_max_steps2000_rangefull
PPO,A1_grid,gps,0,0.1,0.0005,0.99,256,full,2000,500,0.0,-58.82000000000047,500.0,ppo_A1_grid_gps_seed0_sigma0.1_lr0.0005_g0.99_h256_episodes2000_max_steps500_rangefull
PPO,A1_grid,gps,0,0.1,0.0005,0.99,256,full,3000,2000,1.0,5.93,33.6,ppo_A1_grid_gps_seed0_sigma0.1_lr0.0005_g0.99_h256_episodes3000_max_steps2000_rangefull
PPO,A1_grid,gps,0,0.1,0.0005,0.99,256,full,3000,500,0.0,-56.930000000000476,500.0,ppo_A1_grid_gps_seed0_sigma0.1_lr0.0005_g0.99_h256_episodes3000_max_steps500_rangefull
PPO,A1_grid,gps,0,0.1,0.0005,0.99,256,full,500,2000,1.0,-386.4600000000014,523.1,ppo_A1_grid_gps_seed0_sigma0.1_lr0.0005_g0.99_h256_episodes500_max_steps2000_rangefull
PPO,A1_grid,gps,0,0.1,0.0005,0.99,256,full,500,500,0.0,-59.72000000000047,500.0,ppo_A1_grid_gps_seed0_sigma0.1_lr0.0005_g0.99_h256_episodes500_max_steps500_rangefull
PPO,A1_grid,gps,0,0.1,0.0005,0.99,256,full,3000,500,1.0,6.7700000000000005,24.5,ppo_A1_grid_gps_seed0_sigma0.1_lr0.0005_g0.99_h256_rangefull
PPO,A1_grid,gps,1,0.0,0.0005,0.99,256,full,3000,500,1.0,8.099999999999998,20.0,ppo_A1_grid_gps_seed1_sigma0.0_lr0.0005_g0.99_h256_rangefull
PPO,A1_grid,gps,1,0.1,0.0005,0.99,256,full,3000,500,1.0,7.459999999999999,23.6,ppo_A1_grid_gps_seed1_sigma0.1_lr0.0005_g0.99_h256_rangefull
PPO,A1_grid,gps,2,0.0,0.0005,0.99,256,full,3000,500,0.0,-50.00000000000044,500.0,ppo_A1_grid_gps_seed2_sigma0.0_lr0.0005_g0.99_h256_rangefull
PPO,A1_grid,gps,2,0.1,0.0005,0.99,256,full,3000,500,1.0,7.169999999999999,24.5,ppo_A1_grid_gps_seed2_sigma0.1_lr0.0005_g0.99_h256_rangefull
PPO,A1_grid,gps,3,0.0,0.0005,0.99,256,full,3000,500,1.0,8.299999999999999,18.0,ppo_A1_grid_gps_seed3_sigma0.0_lr0.0005_g0.99_h256_rangefull
PPO,A1_grid,gps,3,0.1,0.0005,0.99,256,full,3000,500,1.0,1.7,32.8,ppo_A1_grid_gps_seed3_sigma0.1_lr0.0005_g0.99_h256_rangefull
PPO,A1_grid,gps,42,0.0,0.0005,0.99,256,full,2000,2000,0.0,-199.99999999999292,2000.0,ppo_A1_grid_gps_seed42_sigma0.0_lr0.0005_g0.99_h256_episodes2000_max_steps2000_rangefull
PPO,A1_grid,gps,42,0.0,0.0005,0.99,256,full,2000,500,0.0,-50.00000000000044,500.0,ppo_A1_grid_gps_seed42_sigma0.0_lr0.0005_g0.99_h256_episodes2000_max_steps500_rangefull
PPO,A1_grid,gps,42,0.0,0.0005,0.99,256,full,3000,2000,0.0,-199.99999999999292,2000.0,ppo_A1_grid_gps_seed42_sigma0.0_lr0.0005_g0.99_h256_episodes3000_max_steps2000_rangefull
PPO,A1_grid,gps,42,0.0,0.0005,0.99,256,full,3000,500,0.0,-50.00000000000044,500.0,ppo_A1_grid_gps_seed42_sigma0.0_lr0.0005_g0.99_h256_episodes3000_max_steps500_rangefull
PPO,A1_grid,gps,42,0.0,0.0005,0.99,256,full,500,2000,0.0,-2000.0,2000.0,ppo_A1_grid_gps_seed42_sigma0.0_lr0.0005_g0.99_h256_episodes500_max_steps2000_rangefull
PPO,A1_grid,gps,42,0.0,0.0005,0.99,256,full,500,500,0.0,-50.00000000000044,500.0,ppo_A1_grid_gps_seed42_sigma0.0_lr0.0005_g0.99_h256_episodes500_max_steps500_rangefull
PPO,A1_grid,gps,42,0.0,0.0005,0.99,256,full,3000,500,0.0,-50.00000000000044,500.0,ppo_A1_grid_gps_seed42_sigma0.0_lr0.0005_g0.99_h256_rangefull
PPO,A1_grid,gps,42,0.1,0.0005,0.99,256,full,2000,2000,0.0,-238.06999999999235,2000.0,ppo_A1_grid_gps_seed42_sigma0.1_lr0.0005_g0.99_h256_episodes2000_max_steps2000_rangefull
PPO,A1_grid,gps,42,0.1,0.0005,0.99,256,full,2000,500,0.0,-56.840000000000465,500.0,ppo_A1_grid_gps_seed42_sigma0.1_lr0.0005_g0.99_h256_episodes2000_max_steps500_rangefull
PPO,A1_grid,gps,42,0.1,0.0005,0.99,256,full,3000,2000,0.0,-223.5799999999926,2000.0,ppo_A1_grid_gps_seed42_sigma0.1_lr0.0005_g0.99_h256_episodes3000_max_steps2000_rangefull
PPO,A1_grid,gps,42,0.1,0.0005,0.99,256,full,3000,500,0.0,-61.07000000000045,500.0,ppo_A1_grid_gps_seed42_sigma0.1_lr0.0005_g0.99_h256_episodes3000_max_steps500_rangefull
PPO,A1_grid,gps,42,0.1,0.0005,0.99,256,full,500,2000,0.0,-233.029999999993,2000.0,ppo_A1_grid_gps_seed42_sigma0.1_lr0.0005_g0.99_h256_episodes500_max_steps2000_rangefull
PPO,A1_grid,gps,42,0.1,0.0005,0.99,256,full,500,500,0.0,-55.85000000000046,500.0,ppo_A1_grid_gps_seed42_sigma0.1_lr0.0005_g0.99_h256_episodes500_max_steps500_rangefull
PPO,A1_grid,gps,42,0.1,0.0005,0.99,256,full,3000,500,1.0,7.479999999999999,23.0,ppo_A1_grid_gps_seed42_sigma0.1_lr0.0005_g0.99_h256_rangefull
PPO,A1_grid,gps,4,0.0,0.0005,0.99,256,full,3000,500,1.0,8.099999999999998,20.0,ppo_A1_grid_gps_seed4_sigma0.0_lr0.0005_g0.99_h256_rangefull
PPO,A1_grid,gps,4,0.1,0.0005,0.99,256,full,3000,500,1.0,7.76,21.8,ppo_A1_grid_gps_seed4_sigma0.1_lr0.0005_g0.99_h256_rangefull
PPO,A1_grid,gps,5,0.0,0.0005,0.99,256,full,3000,500,0.0,-50.00000000000044,500.0,ppo_A1_grid_gps_seed5_sigma0.0_lr0.0005_g0.99_h256_rangefull
PPO,A1_grid,gps,5,0.1,0.0005,0.99,256,full,3000,500,1.0,6.44,32.2,ppo_A1_grid_gps_seed5_sigma0.1_lr0.0005_g0.99_h256_rangefull
PPO,A1_grid,gps,6,0.0,0.0005,0.99,256,full,3000,500,0.0,-50.00000000000044,500.0,ppo_A1_grid_gps_seed6_sigma0.0_lr0.0005_g0.99_h256_rangefull
PPO,A1_grid,gps,6,0.1,0.0005,0.99,256,full,3000,500,1.0,6.410000000000001,33.7,ppo_A1_grid_gps_seed6_sigma0.1_lr0.0005_g0.99_h256_rangefull
PPO,A1_grid,gps,7,0.0,0.0005,0.99,256,full,3000,500,1.0,8.0,21.0,ppo_A1_grid_gps_seed7_sigma0.0_lr0.0005_g0.99_h256_rangefull
PPO,A1_grid,gps,7,0.1,0.0005,0.99,256,full,3000,500,1.0,4.239999999999998,29.0,ppo_A1_grid_gps_seed7_sigma0.1_lr0.0005_g0.99_h256_rangefull
PPO,A1_grid,gps,8,0.0,0.0005,0.99,256,full,3000,500,1.0,8.0,21.0,ppo_A1_grid_gps_seed8_sigma0.0_lr0.0005_g0.99_h256_rangefull
PPO,A1_grid,gps,8,0.1,0.0005,0.99,256,full,3000,500,1.0,1.2300000000000053,34.3,ppo_A1_grid_gps_seed8_sigma0.1_lr0.0005_g0.99_h256_rangefull
