episode,reward,steps,success
1,-138.39999999999932,500,0
2,-122.39999999999924,500,0
3,-123.19999999999936,500,0
4,-135.59999999999937,500,0
5,-80.8999999999997,382,1
6,-110.79999999999933,500,0
7,-117.19999999999925,500,0
8,-115.99999999999943,500,0
9,-117.9999999999991,500,0
10,-123.99999999999935,500,0
11,-132.79999999999933,500,0
12,-125.1999999999993,500,0
13,-124.79999999999916,500,0
14,-112.7999999999993,500,0
15,-117.19999999999936,500,0
16,-113.59999999999937,500,0
17,-120.39999999999938,500,0
18,-103.99999999999926,500,0
19,-115.19999999999928,500,0
20,-102.19999999999958,471,1
21,-110.39999999999917,500,0
22,-113.19999999999946,500,0
23,-119.19999999999955,500,0
24,-119.99999999999916,500,0
25,-121.19999999999914,500,0
26,-118.79999999999934,500,0
27,-120.79999999999963,500,0
28,-104.79999999999944,500,0
29,-111.29999999999936,494,1
30,-17.600000000000044,137,1
31,-109.59999999999954,500,0
32,-50.80000000000021,277,1
33,-116.39999999999935,500,0
34,-108.39999999999921,500,0
35,-113.59999999999937,500,0
36,-74.89999999999988,362,1
37,-118.39999999999935,500,0
38,-105.89999999999935,460,1
39,-116.79999999999943,500,0
40,-119.19999999999936,500,0
41,-72.99999999999993,331,1
42,-127.99999999999928,500,0
43,-54.500000000000156,254,1
44,-41.500000000000114,224,1
45,-132.79999999999922,500,0
46,-127.99999999999945,500,0
47,-133.19999999999933,500,0
48,-129.59999999999917,500,0
49,-115.99999999999935,500,0
50,-78.59999999999982,359,1
51,-75.79999999999993,295,1
52,-135.59999999999928,500,0
53,-139.59999999999934,500,0
54,-107.99999999999947,500,0
55,-41.600000000000115,197,1
56,-122.79999999999927,500,0
57,-116.79999999999936,500,0
58,-109.8999999999996,456,1
59,-130.79999999999933,500,0
60,-122.79999999999941,500,0
61,-127.59999999999938,500,0
62,-129.1999999999992,500,0
63,-133.9999999999993,500,0
64,-55.00000000000013,267,1
65,-69.39999999999985,295,1
66,-61.7,290,1
67,-148.79999999999924,500,0
68,-122.39999999999915,500,0
69,-129.99999999999932,500,0
70,-38.80000000000009,197,1
71,-134.79999999999944,500,0
72,-130.39999999999927,500,0
73,-115.19999999999942,500,0
74,-138.3999999999992,500,0
75,-87.6999999999997,322,1
76,-127.19999999999939,500,0
77,-141.9999999999994,500,0
78,-134.7999999999992,500,0
79,-113.09999999999937,456,1
80,-24.100000000000044,134,1
81,-72.10000000000004,314,1
82,-130.79999999999916,500,0
83,-121.99999999999942,500,0
84,-140.3999999999995,500,0
85,-29.600000000000044,161,1
86,-74.69999999999993,380,1
87,-124.39999999999948,500,0
88,-53.00000000000016,275,1
89,-81.39999999999985,363,1
90,-51.400000000000105,243,1
91,-120.79999999999939,500,0
92,-129.19999999999948,500,0
93,-85.39999999999975,363,1
94,-38.400000000000105,189,1
95,-52.80000000000017,253,1
96,-116.19999999999955,443,1
97,-134.4999999999993,470,1
98,-123.49999999999943,484,1
99,-49.700000000000124,222,1
100,-130.3999999999995,500,0
101,-125.99999999999932,500,0
102,-129.59999999999948,500,0
103,-126.39999999999947,500,0
104,-131.99999999999926,500,0
105,-117.99999999999946,500,0
106,-123.9999999999991,500,0
107,-125.19999999999919,500,0
108,-64.89999999999995,282,1
109,-84.89999999999984,410,1
110,-51.800000000000125,235,1
111,-125.19999999999916,500,0
112,-117.99999999999926,500,0
113,-35.90000000000006,180,1
114,-133.19999999999914,500,0
115,-79.5999999999999,353,1
116,-123.99999999999919,500,0
117,-43.500000000000085,196,1
118,-138.79999999999936,500,0
119,-127.59999999999928,500,0
120,-43.20000000000007,177,1
121,-73.59999999999985,313,1
122,-139.9999999999992,500,0
123,-110.19999999999933,463,1
124,-120.79999999999905,500,0
125,-95.19999999999956,449,1
126,-119.59999999999957,500,0
127,-70.99999999999979,323,1
128,-126.39999999999928,500,0
129,-149.99999999999957,500,0
130,-31.20000000000008,161,1
131,-140.39999999999935,500,0
132,-93.99999999999962,393,1
133,-140.79999999999956,500,0
134,-123.9999999999993,500,0
135,-123.19999999999936,500,0
136,-138.79999999999933,500,0
137,-124.79999999999936,500,0
138,-106.39999999999938,500,0
139,-68.59999999999995,327,1
140,-143.9999999999995,500,0
141,-83.6999999999999,338,1
142,-123.59999999999937,500,0
143,-62.30000000000011,276,1
144,-114.89999999999942,470,1
145,-83.39999999999984,323,1
146,-120.79999999999926,500,0
147,-123.99999999999957,500,0
148,-115.99999999999947,500,0
149,-132.7999999999993,500,0
150,-125.1999999999997,500,0
151,-146.3999999999993,500,0
152,-23.400000000000034,131,1
153,-119.59999999999943,500,0
154,-121.19999999999925,500,0
155,-120.79999999999932,500,0
156,-117.19999999999911,500,0
157,-130.3999999999991,500,0
158,-120.39999999999895,500,0
159,-64.20000000000003,291,1
160,-124.79999999999947,500,0
161,-49.60000000000011,217,1
162,-79.79999999999984,363,1
163,-78.59999999999982,315,1
164,-32.800000000000104,169,1
165,-102.19999999999933,447,1
166,-131.59999999999934,500,0
167,-122.3999999999992,500,0
168,-56.50000000000006,230,1
169,-113.99999999999939,500,0
170,-98.09999999999958,426,1
171,-62.10000000000005,286,1
172,-120.39999999999945,500,0
173,-121.59999999999917,500,0
174,-88.59999999999938,407,1
175,-128.39999999999915,500,0
176,-113.59999999999928,500,0
177,-123.59999999999926,500,0
178,-131.19999999999936,500,0
179,-70.79999999999993,325,1
180,-53.40000000000012,223,1
181,-96.29999999999953,424,1
182,-101.69999999999946,418,1
183,-96.1999999999997,435,1
184,-36.10000000000011,206,1
185,-47.500000000000135,232,1
186,-113.59999999999943,500,0
187,-112.89999999999951,446,1
188,-79.39999999999978,311,1
189,-103.99999999999969,421,1
190,-123.19999999999928,500,0
191,-62.60000000000008,271,1
192,-59.500000000000114,268,1
193,-102.29999999999964,456,1
194,-131.19999999999945,500,0
195,-22.40000000000004,137,1
196,-127.59999999999945,500,0
197,-78.09999999999981,346,1
198,-144.39999999999932,500,0
199,-143.1999999999993,500,0
200,-143.99999999999937,500,0
201,-135.19999999999908,500,0
202,-72.59999999999988,327,1
203,-35.200000000000095,201,1
204,-106.29999999999966,396,1
205,-83.49999999999974,384,1
206,-103.39999999999951,459,1
207,-131.99999999999923,500,0
208,-122.29999999999947,460,1
209,-137.19999999999922,500,0
210,-134.39999999999918,500,0
211,-38.10000000000009,178,1
212,-119.19999999999939,500,0
213,-101.29999999999927,418,1
214,-80.99999999999997,319,1
215,-62.30000000000004,296,1
216,-120.39999999999925,500,0
217,-80.89999999999989,322,1
218,-26.400000000000063,137,1
219,-111.19999999999969,429,1
220,-117.5999999999994,500,0
221,-118.79999999999959,500,0
222,-148.79999999999933,500,0
223,-139.19999999999953,500,0
224,-104.99999999999962,439,1
225,-136.79999999999933,500,0
226,-125.69999999999919,490,1
227,-122.39999999999935,500,0
228,-123.19999999999948,500,0
229,-128.7999999999995,500,0
230,-46.10000000000011,210,1
231,-126.79999999999934,500,0
232,-132.79999999999924,500,0
233,-137.19999999999936,500,0
234,-115.19999999999946,485,1
235,-81.59999999999985,397,1
236,-112.39999999999944,497,1
237,-96.09999999999947,438,1
238,-125.19999999999922,500,0
239,-124.39999999999938,500,0
240,-123.99999999999949,500,0
241,-126.39999999999935,500,0
242,-121.99999999999935,500,0
243,-28.700000000000045,156,1
244,-24.90000000000004,138,1
245,-56.50000000000021,286,1
246,-55.40000000000015,271,1
247,-66.40000000000003,301,1
248,-83.69999999999979,370,1
249,-109.39999999999965,447,1
250,-29.300000000000075,162,1
251,-52.60000000000012,235,1
252,-48.70000000000012,236,1
253,-26.800000000000068,145,1
254,-19.10000000000004,108,1
255,-86.6999999999998,396,1
256,-46.500000000000206,250,1
257,-65.10000000000005,284,1
258,-50.500000000000135,210,1
259,-69.99999999999994,301,1
260,-38.60000000000008,163,1
261,-52.30000000000014,248,1
262,-124.79999999999923,500,0
263,-61.100000000000094,292,1
264,-53.90000000000017,280,1
265,-91.89999999999955,380,1
266,-43.300000000000104,206,1
267,-41.60000000000012,209,1
268,-72.89999999999988,322,1
269,-46.00000000000011,205,1
270,-96.19999999999948,403,1
271,-49.600000000000136,217,1
272,-136.39999999999918,500,0
273,-37.8000000000001,199,1
274,-89.09999999999981,324,1
275,-44.200000000000124,207,1
276,-135.19999999999925,500,0
277,-57.10000000000005,224,1
278,-82.2999999999998,356,1
279,-52.200000000000145,243,1
280,-49.100000000000115,208,1
281,-44.20000000000009,179,1
282,-22.100000000000072,134,1
283,-70.09999999999991,298,1
284,-14.000000000000021,105,1
285,-102.29999999999956,420,1
286,-33.10000000000007,156,1
287,-43.30000000000009,182,1
288,-55.300000000000125,230,1
289,-66.10000000000005,282,1
290,-29.000000000000043,147,1
291,-59.70000000000013,262,1
292,-30.000000000000085,177,1
293,-34.60000000000008,179,1
294,-132.39999999999947,500,0
295,-86.99999999999966,399,1
296,-13.700000000000017,90,1
297,-23.10000000000003,124,1
298,-64.9000000000001,306,1
299,-39.20000000000011,189,1
300,-45.4000000000001,203,1
301,-36.00000000000007,181,1
302,-29.30000000000006,130,1
303,-30.60000000000006,147,1
304,-3.4999999999999876,64,1
305,-36.30000000000008,176,1
306,-23.800000000000075,135,1
307,-34.30000000000006,148,1
308,-7.9999999999999964,73,1
309,-37.00000000000008,167,1
310,-47.30000000000013,234,1
311,-26.000000000000092,145,1
312,-23.90000000000005,116,1
313,-32.5000000000001,166,1
314,-62.00000000000006,245,1
315,-69.09999999999987,288,1
316,-39.10000000000006,164,1
317,-74.19999999999989,307,1
318,-49.30000000000014,210,1
319,-48.90000000000012,206,1
320,-38.40000000000009,173,1
321,-25.50000000000005,120,1
322,-24.50000000000005,138,1
323,-34.50000000000008,158,1
324,-27.40000000000009,155,1
325,-16.100000000000023,86,1
326,-32.60000000000006,155,1
327,-48.90000000000013,218,1
328,-33.20000000000008,145,1
329,-29.200000000000053,137,1
330,-17.90000000000004,104,1
331,-12.100000000000005,82,1
332,-39.50000000000009,180,1
333,-61.300000000000125,254,1
334,-26.60000000000006,135,1
335,-32.400000000000105,169,1
336,-33.600000000000065,161,1
337,-144.39999999999958,500,0
338,-37.100000000000065,168,1
339,-42.9000000000001,198,1
340,-103.89999999999952,404,1
341,-41.800000000000075,183,1
342,-41.60000000000011,189,1
343,-35.80000000000008,179,1
344,-82.29999999999984,328,1
345,-17.000000000000036,99,1
346,-19.60000000000003,109,1
347,-58.50000000000006,250,1
348,-29.20000000000006,133,1
349,-40.60000000000009,183,1
350,-54.40000000000012,217,1
351,-4.799999999999992,61,1
352,-10.299999999999997,72,1
353,-67.09999999999988,284,1
354,-39.600000000000094,177,1
355,-34.40000000000009,165,1
356,-78.99999999999967,331,1
357,-43.300000000000104,198,1
358,-33.400000000000084,167,1
359,-21.900000000000034,112,1
360,-35.600000000000065,177,1
361,-21.80000000000006,119,1
362,-6.699999999999989,80,1
363,-9.600000000000001,73,1
364,-35.30000000000006,146,1
365,-36.20000000000009,163,1
366,-29.00000000000005,127,1
367,-31.1000000000001,168,1
368,-39.10000000000009,172,1
369,-44.900000000000084,174,1
370,-43.2000000000001,185,1
371,-27.60000000000006,137,1
372,-24.20000000000006,123,1
373,-20.40000000000004,113,1
374,-24.00000000000005,141,1
375,-18.200000000000035,107,1
376,-10.500000000000014,86,1
377,-13.500000000000028,88,1
378,-11.800000000000018,87,1
379,-11.800000000000004,91,1
380,-34.200000000000074,147,1
381,-23.200000000000067,129,1
382,-17.30000000000004,106,1
383,-8.400000000000006,77,1
384,-12.80000000000004,101,1
385,-20.60000000000003,111,1
386,-15.000000000000036,95,1
387,-32.80000000000009,173,1
388,-68.89999999999984,282,1
389,-71.29999999999987,298,1
390,-39.500000000000135,200,1
391,-53.10000000000013,244,1
392,-32.200000000000074,155,1
393,-20.800000000000036,117,1
394,-24.300000000000054,144,1
395,-21.90000000000005,124,1
396,-50.40000000000009,213,1
397,-6.299999999999994,64,1
398,-13.700000000000017,110,1
399,-34.00000000000007,153,1
400,-34.500000000000064,150,1
401,-18.600000000000023,119,1
402,-34.10000000000008,174,1
403,-26.600000000000065,139,1
404,-27.600000000000072,137,1
405,-22.90000000000005,118,1
406,-7.499999999999986,80,1
407,-32.60000000000007,155,1
408,-12.70000000000002,100,1
409,-27.80000000000006,139,1
410,-60.60000000000005,251,1
411,-44.10000000000008,190,1
412,-29.000000000000078,151,1
413,-45.200000000000095,201,1
414,-9.29999999999999,82,1
415,-36.80000000000006,153,1
416,-63.20000000000002,301,1
417,-9.399999999999999,83,1
418,-10.60000000000002,95,1
419,-14.700000000000049,108,1
420,-11.999999999999996,93,1
421,-42.100000000000094,186,1
422,-49.800000000000125,223,1
423,-62.200000000000074,271,1
424,-32.3000000000001,164,1
425,-20.800000000000047,109,1
426,-38.300000000000125,196,1
427,-28.500000000000064,138,1
428,-62.80000000000008,277,1
429,-24.800000000000054,137,1
430,-17.70000000000004,98,1
431,-21.40000000000005,119,1
432,-20.000000000000036,117,1
433,-13.50000000000005,92,1
434,-32.50000000000008,170,1
435,-22.700000000000067,144,1
436,-101.59999999999965,397,1
437,-8.199999999999996,83,1
438,-56.8000000000001,265,1
439,-14.800000000000008,85,1
440,-8.500000000000007,74,1
441,-80.8999999999997,346,1
442,-27.400000000000063,139,1
443,-34.40000000000009,173,1
444,-27.90000000000004,116,1
445,-24.90000000000007,130,1
446,-27.300000000000054,126,1
447,-32.500000000000085,162,1
448,-23.70000000000004,114,1
449,-28.200000000000053,123,1
450,-30.20000000000006,151,1
451,-15.40000000000002,91,1
452,-56.20000000000012,231,1
453,-13.000000000000014,91,1
454,-11.500000000000014,84,1
455,-15.200000000000031,97,1
456,-23.50000000000007,128,1
457,-57.70000000000002,246,1
458,-18.800000000000047,105,1
459,-0.49999999999998934,54,1
460,-1.2999999999999918,58,1
461,-17.80000000000001,95,1
462,-20.300000000000047,104,1
463,-6.999999999999993,71,1
464,-10.100000000000009,82,1
465,-15.100000000000026,96,1
466,-15.000000000000036,95,1
467,-3.399999999999986,67,1
468,-26.20000000000006,131,1
469,-60.8000000000001,253,1
470,-24.20000000000004,119,1
471,-6.099999999999987,70,1
472,-30.300000000000068,148,1
473,-16.400000000000023,97,1
474,-41.70000000000012,198,1
475,-20.20000000000006,127,1
476,-65.20000000000002,261,1
477,-15.100000000000023,96,1
478,-28.10000000000008,142,1
479,-27.10000000000005,132,1
480,-24.90000000000005,134,1
481,-40.70000000000008,192,1
482,-6.29999999999999,68,1
483,-25.40000000000009,143,1
484,-27.000000000000057,123,1
485,-16.90000000000005,102,1
486,-10.900000000000027,78,1
487,-18.70000000000003,104,1
488,-19.90000000000005,104,1
489,-21.500000000000064,124,1
490,-12.500000000000004,82,1
491,-35.10000000000007,160,1
492,-17.60000000000003,93,1
493,-16.300000000000015,100,1
494,-9.600000000000012,85,1
495,-27.20000000000008,153,1
496,-8.29999999999999,76,1
497,-24.60000000000005,131,1
498,-17.20000000000003,113,1
499,-15.900000000000038,112,1
500,-23.60000000000005,121,1
501,-23.50000000000005,112,1
502,-38.800000000000075,177,1
503,-32.70000000000008,160,1
504,-39.40000000000011,179,1
505,-23.20000000000003,117,1
506,-35.80000000000008,159,1
507,-26.500000000000064,138,1
508,-12.600000000000012,83,1
509,-75.79999999999987,323,1
510,-27.300000000000075,130,1
511,-16.600000000000026,87,1
512,-15.900000000000023,92,1
513,-14.000000000000021,85,1
514,-148.79999999999922,500,0
515,-23.60000000000005,129,1
516,-10.900000000000002,82,1
517,-13.900000000000023,96,1
518,-13.700000000000014,90,1
519,-37.80000000000008,163,1
520,-12.900000000000016,86,1
521,-18.10000000000003,118,1
522,-24.00000000000007,137,1
523,-17.1,92,1
524,-29.20000000000006,145,1
525,-6.899999999999988,74,1
526,-18.100000000000033,94,1
527,-30.500000000000057,138,1
528,-18.800000000000036,109,1
529,-26.50000000000005,122,1
530,-41.10000000000006,160,1
531,-19.30000000000005,118,1
532,-19.200000000000053,113,1
533,-25.900000000000034,112,1
534,-20.100000000000033,106,1
535,-23.600000000000094,133,1
536,-27.300000000000054,130,1
537,-17.90000000000004,112,1
538,-21.500000000000036,128,1
539,-4.999999999999991,59,1
540,-26.70000000000008,140,1
541,-7.699999999999996,70,1
542,-11.799999999999997,91,1
543,-21.300000000000047,130,1
544,-16.00000000000002,97,1
545,-15.500000000000018,88,1
546,-23.90000000000004,132,1
547,-28.90000000000004,130,1
548,-29.400000000000013,135,1
549,-19.90000000000005,116,1
550,-40.80000000000007,161,1
551,-7.799999999999997,75,1
552,-8.899999999999999,66,1
553,-13.70000000000002,86,1
554,-7.399999999999995,71,1
555,-13.800000000000033,83,1
556,1.5000000000000018,46,1
557,-15.60000000000002,93,1
558,-19.000000000000064,115,1
559,-3.4999999999999893,60,1
560,-13.700000000000031,98,1
561,-27.700000000000053,138,1
562,-24.000000000000057,145,1
563,-40.80000000000009,177,1
564,-66.69999999999986,284,1
565,-3.1999999999999886,61,1
566,-9.000000000000007,75,1
567,-7.599999999999987,69,1
568,-22.800000000000054,117,1
569,-10.000000000000025,73,1
570,-44.90000000000008,202,1
571,-37.000000000000064,151,1
572,-33.70000000000008,146,1
573,-1.8999999999999915,52,1
574,-23.700000000000045,118,1
575,-4.699999999999987,72,1
576,-14.100000000000026,90,1
577,-10.90000000000002,74,1
578,-6.399999999999988,69,1
579,-15.600000000000044,101,1
580,-74.2999999999999,276,1
581,-25.10000000000005,112,1
582,-35.8000000000001,179,1
583,-8.499999999999993,70,1
584,-11.900000000000013,80,1
585,-16.100000000000023,102,1
586,-11.600000000000023,85,1
587,-1.2999999999999936,46,1
588,-12.70000000000001,72,1
589,-15.500000000000007,92,1
590,-9.0,83,1
591,-20.50000000000005,106,1
592,-6.599999999999991,67,1
593,-48.400000000000084,201,1
594,-3.999999999999991,61,1
595,-7.800000000000011,83,1
596,-47.60000000000009,189,1
597,-12.800000000000018,77,1
598,0.20000000000000817,47,1
599,-31.700000000000067,150,1
600,-12.600000000000016,103,1
601,-8.5,70,1
602,-10.400000000000013,89,1
603,-7.599999999999987,77,1
604,-18.600000000000033,107,1
605,-5.89999999999999,60,1
606,-4.599999999999994,59,1
607,-7.999999999999993,77,1
608,-23.300000000000054,110,1
609,-12.600000000000009,95,1
610,-2.8999999999999897,58,1
611,-21.800000000000047,111,1
612,-9.399999999999988,79,1
613,-8.5,74,1
614,-14.70000000000001,96,1
615,-27.80000000000006,143,1
616,-19.100000000000016,112,1
617,-9.400000000000013,79,1
618,-21.600000000000037,113,1
619,-19.500000000000057,108,1
620,-10.300000000000004,72,1
621,-8.899999999999988,78,1
622,-16.40000000000004,105,1
623,-15.300000000000018,90,1
624,-12.100000000000016,74,1
625,-12.000000000000018,93,1
626,-7.999999999999993,69,1
627,-1.7999999999999865,67,1
628,-5.599999999999991,65,1
629,-20.800000000000047,113,1
630,-9.699999999999989,74,1
631,-0.3999999999999915,45,1
632,-2.29999999999999,60,1
633,-9.700000000000003,78,1
634,-6.099999999999987,70,1
635,-16.80000000000002,101,1
636,-15.000000000000014,91,1
637,-16.900000000000038,106,1
638,-2.9999999999999893,63,1
639,-15.700000000000024,98,1
640,-19.100000000000026,92,1
641,-5.399999999999988,67,1
642,-10.299999999999994,72,1
643,-19.300000000000033,114,1
644,-6.499999999999986,66,1
645,-10.800000000000015,77,1
646,-6.399999999999995,61,1
647,-6.699999999999989,72,1
648,-23.90000000000005,124,1
649,-5.899999999999988,68,1
650,-12.700000000000014,92,1
651,-11.600000000000012,77,1
652,-12.400000000000006,89,1
653,-12.40000000000002,85,1
654,-20.40000000000004,97,1
655,-6.099999999999991,62,1
656,-11.900000000000006,76,1
657,-12.000000000000014,93,1
658,-9.600000000000001,81,1
659,-17.600000000000023,93,1
660,-11.200000000000017,81,1
661,-3.099999999999989,56,1
662,-16.400000000000027,101,1
663,-17.300000000000015,102,1
664,-16.70000000000003,88,1
665,-12.500000000000018,86,1
666,-11.300000000000004,90,1
667,-1.2999999999999936,54,1
668,-4.799999999999988,61,1
669,-12.500000000000032,86,1
670,-13.600000000000009,93,1
671,-10.299999999999994,76,1
672,-19.00000000000002,95,1
673,-6.099999999999991,74,1
674,-16.30000000000004,116,1
675,-30.40000000000004,133,1
676,-15.100000000000037,108,1
677,-10.800000000000018,81,1
678,-16.50000000000003,102,1
679,-11.40000000000002,75,1
680,-5.599999999999989,61,1
681,-13.0,75,1
682,-26.700000000000053,112,1
683,-55.100000000000065,236,1
684,-0.5999999999999943,47,1
685,-11.400000000000027,91,1
686,-8.099999999999998,78,1
687,-0.7999999999999865,61,1
688,-17.70000000000003,110,1
689,-31.700000000000074,142,1
690,-6.099999999999991,70,1
691,-9.200000000000003,81,1
692,-5.3999999999999915,63,1
693,-21.400000000000013,119,1
694,-8.800000000000015,81,1
695,-17.200000000000028,105,1
696,-17.800000000000033,107,1
697,-13.00000000000001,79,1
698,-8.900000000000016,78,1
699,-11.90000000000002,80,1
700,-13.100000000000005,88,1
701,-4.399999999999988,69,1
702,-8.799999999999997,73,1
703,-2.699999999999992,56,1
704,-57.90000000000009,232,1
705,-2.8999999999999915,58,1
706,-10.70000000000001,92,1
707,-22.00000000000003,113,1
708,-6.2999999999999865,64,1
709,-7.099999999999994,68,1
710,-6.9999999999999964,67,1
711,-11.500000000000021,80,1
712,-14.700000000000024,88,1
713,-16.500000000000036,86,1
714,-10.400000000000006,85,1
715,-11.600000000000016,77,1
716,-13.800000000000018,79,1
717,-4.099999999999987,62,1
718,-5.999999999999986,77,1
719,-6.099999999999991,62,1
720,-3.8999999999999932,52,1
721,-4.699999999999987,68,1
722,-4.69999999999999,56,1
723,-6.499999999999993,66,1
724,2.1000000000000068,44,1
725,-20.90000000000004,102,1
726,-13.600000000000005,81,1
727,-13.300000000000015,78,1
728,-10.2,83,1
729,-16.300000000000026,88,1
730,-6.3999999999999915,73,1
731,-6.3999999999999915,61,1
732,-0.6999999999999922,52,1
733,-9.099999999999994,68,1
734,-16.700000000000045,100,1
735,-9.500000000000007,76,1
736,-3.0999999999999925,52,1
737,-4.699999999999987,60,1
738,-8.099999999999998,70,1
739,-14.600000000000033,95,1
740,-9.600000000000009,77,1
741,-13.200000000000038,93,1
742,-5.29999999999999,58,1
743,-4.19999999999999,55,1
744,-9.500000000000007,76,1
745,-2.5999999999999908,63,1
746,-6.899999999999988,74,1
747,-25.10000000000006,120,1
748,-13.800000000000026,83,1
749,-12.000000000000043,93,1
750,-6.9999999999999964,71,1
751,-0.79999999999999,53,1
752,-7.599999999999994,81,1
753,-10.70000000000001,80,1
754,-7.799999999999994,63,1
755,-6.399999999999995,65,1
756,-13.300000000000018,98,1
757,-25.10000000000005,116,1
758,-21.000000000000036,115,1
759,-9.900000000000013,76,1
760,-16.90000000000004,110,1
761,-14.200000000000031,95,1
762,-8.300000000000011,68,1
763,-16.60000000000003,87,1
764,-5.199999999999987,69,1
765,-4.399999999999988,57,1
766,-22.50000000000003,114,1
767,-8.2,67,1
768,-17.90000000000005,100,1
769,-18.30000000000004,96,1
770,-6.29999999999999,68,1
771,-3.099999999999989,56,1
772,0.8000000000000078,45,1
773,-8.699999999999996,80,1
774,-5.699999999999987,70,1
775,-8.999999999999993,67,1
776,-11.300000000000022,82,1
777,-6.79999999999999,69,1
778,-12.900000000000013,82,1
779,-3.8999999999999915,60,1
780,-5.499999999999989,60,1
781,-3.5999999999999908,61,1
782,-4.899999999999988,66,1
783,-4.799999999999988,61,1
784,-15.800000000000018,83,1
785,-8.099999999999998,78,1
786,-1.0999999999999908,60,1
787,-3.2999999999999865,62,1
788,-2.0999999999999925,46,1
789,-3.3999999999999932,55,1
790,2.300000000000005,42,1
791,-8.100000000000005,70,1
792,-3.4999999999999893,52,1
793,-16.70000000000003,92,1
794,-1.5999999999999925,49,1
795,0.4000000000000057,49,1
796,-2.79999999999999,57,1
797,-1.4999999999999911,56,1
798,-8.299999999999997,76,1
799,-7.600000000000001,69,1
800,-9.40000000000001,87,1
801,-15.60000000000004,97,1
802,-7.0,63,1
803,-3.799999999999992,55,1
804,-14.700000000000014,104,1
805,-4.999999999999991,59,1
806,-8.600000000000005,75,1
807,-14.300000000000026,84,1
808,0.5000000000000089,48,1
809,-4.999999999999989,59,1
810,-26.300000000000054,128,1
811,-5.699999999999987,62,1
812,-3.79999999999999,55,1
813,-13.700000000000038,98,1
814,-21.700000000000045,106,1
815,-6.79999999999999,61,1
816,-7.099999999999987,72,1
817,-3.899999999999988,64,1
818,-27.20000000000004,129,1
819,-6.599999999999998,63,1
820,-5.3999999999999915,59,1
821,-7.8999999999999915,72,1
822,-94.99999999999991,287,1
823,-27.200000000000053,117,1
824,-7.099999999999991,64,1
825,-9.70000000000001,82,1
826,-2.3999999999999915,53,1
827,-9.700000000000014,70,1
828,-5.999999999999991,57,1
829,-8.200000000000006,71,1
830,-7.199999999999992,61,1
831,-11.10000000000003,76,1
832,-5.69999999999999,58,1
833,-5.999999999999989,65,1
834,-3.3999999999999932,51,1
835,-2.1999999999999904,55,1
836,-6.699999999999996,72,1
837,-11.100000000000005,76,1
838,-8.299999999999994,64,1
839,-8.299999999999986,72,1
840,-6.799999999999994,65,1
841,-0.49999999999999467,50,1
842,-2.999999999999991,51,1
843,-17.800000000000033,107,1
844,-2.999999999999993,55,1
845,-11.100000000000026,76,1
846,-7.099999999999998,72,1
847,-3.799999999999992,47,1
848,1.300000000000006,40,1
849,-6.299999999999994,56,1
850,-13.40000000000002,83,1
851,-20.800000000000047,105,1
852,-1.2999999999999918,50,1
853,-4.199999999999992,55,1
854,-6.8999999999999915,66,1
855,-5.39999999999999,63,1
856,-10.400000000000013,77,1
857,-5.79999999999999,63,1
858,-6.999999999999993,67,1
859,-9.299999999999994,66,1
860,2.500000000000006,36,1
861,0.5000000000000053,40,1
862,-6.399999999999988,65,1
863,-3.2999999999999865,62,1
864,-10.300000000000015,72,1
865,-16.000000000000043,89,1
866,-14.300000000000026,84,1
867,-0.5999999999999925,51,1
868,-6.79999999999999,73,1
869,-9.900000000000002,68,1
870,0.40000000000000746,45,1
871,-0.8999999999999915,50,1
872,-9.700000000000017,70,1
873,-15.700000000000031,94,1
874,-10.000000000000004,77,1
875,-5.199999999999987,69,1
876,-10.500000000000021,74,1
877,-10.400000000000013,77,1
878,-11.2,81,1
879,2.4000000000000057,41,1
880,-8.100000000000005,70,1
881,-11.40000000000002,87,1
882,-5.39999999999999,63,1
883,-9.00000000000001,67,1
884,-17.800000000000033,103,1
885,-0.2999999999999936,44,1
886,-4.299999999999988,64,1
887,-12.100000000000016,86,1
888,-3.3999999999999897,63,1
889,-9.600000000000023,69,1
890,-11.900000000000013,80,1
891,-13.000000000000018,83,1
892,-6.499999999999989,66,1
893,-11.400000000000016,91,1
894,-9.2,69,1
895,-1.5999999999999925,49,1
896,-4.999999999999988,67,1
897,8.881784197001252e-15,49,1
898,-9.5,68,1
899,-4.7999999999999865,69,1
900,2.100000000000006,40,1
901,-3.6999999999999886,58,1
902,-15.300000000000033,90,1
903,-10.0,81,1
904,-5.999999999999993,61,1
905,-3.79999999999999,59,1
906,-4.299999999999992,64,1
907,-15.500000000000028,92,1
908,0.9000000000000057,48,1
909,-14.700000000000031,80,1
910,-7.999999999999993,69,1
911,-4.39999999999999,57,1
912,-2.1999999999999904,55,1
913,-3.999999999999991,57,1
914,-2.699999999999994,52,1
915,-1.5999999999999925,53,1
916,-1.8999999999999915,52,1
917,-2.6999999999999904,56,1
918,-8.0,77,1
919,-5.19999999999999,61,1
920,-4.29999999999999,56,1
921,-9.100000000000009,76,1
922,-4.89999999999999,66,1
923,-10.000000000000018,69,1
924,0.20000000000001172,47,1
925,-5.499999999999989,68,1
926,-5.29999999999999,62,1
927,-14.10000000000003,86,1
928,-4.499999999999989,62,1
929,-11.700000000000003,74,1
930,-0.39999999999999325,49,1
931,-1.399999999999995,51,1
932,-8.800000000000015,73,1
933,-8.300000000000004,72,1
934,-38.20000000000009,179,1
935,-0.7999999999999918,53,1
936,-4.999999999999991,59,1
937,-11.900000000000027,76,1
938,-2.4999999999999947,46,1
939,-28.200000000000074,147,1
940,-9.400000000000013,67,1
941,-0.9999999999999929,55,1
942,-13.300000000000018,86,1
943,-6.499999999999993,66,1
944,-5.999999999999989,65,1
945,-3.6999999999999886,58,1
946,-4.599999999999991,59,1
947,-2.2999999999999954,48,1
948,-8.899999999999988,74,1
949,-4.999999999999986,67,1
950,-3.29999999999999,58,1
951,-8.699999999999996,68,1
952,-66.59999999999988,235,1
953,-4.099999999999989,62,1
954,-2.79999999999999,57,1
955,-6.199999999999992,59,1
956,-3.299999999999992,58,1
957,-5.7999999999999865,67,1
958,2.0000000000000044,45,1
959,-9.100000000000005,76,1
960,-41.400000000000084,179,1
961,-4.299999999999988,60,1
962,-6.099999999999987,66,1
963,-15.900000000000027,96,1
964,-2.699999999999992,52,1
965,-6.599999999999987,71,1
966,-3.1999999999999904,57,1
967,-10.700000000000014,80,1
968,-10.300000000000008,76,1
969,-2.3999999999999915,53,1
970,-0.5999999999999908,55,1
971,-4.599999999999989,59,1
972,0.6000000000000068,47,1
973,-5.89999999999999,64,1
974,-4.7999999999999865,65,1
975,-11.70000000000001,78,1
976,-2.7999999999999936,53,1
977,-1.7999999999999918,47,1
978,-17.00000000000002,91,1
979,-5.299999999999988,70,1
980,-5.499999999999995,52,1
981,-2.399999999999995,49,1
982,-6.399999999999995,57,1
983,-3.8999999999999915,52,1
984,-18.60000000000003,107,1
985,-11.300000000000004,86,1
986,-15.900000000000034,88,1
987,-9.200000000000024,65,1
988,-5.499999999999988,64,1
989,-1.8999999999999897,60,1
990,0.3000000000000096,50,1
991,-5.69999999999999,58,1
992,-13.900000000000002,84,1
993,0.7000000000000082,54,1
994,-8.700000000000003,76,1
995,-2.8999999999999915,50,1
996,-15.200000000000024,89,1
997,-13.399999999999999,83,1
998,0.5000000000000053,40,1
999,-1.9999999999999893,61,1
1000,-10.500000000000004,78,1
1001,-4.299999999999988,60,1
1002,-8.600000000000009,71,1
1003,7.105427357601002e-15,49,1
1004,-3.0999999999999943,56,1
1005,-9.100000000000009,80,1
1006,-11.100000000000023,80,1
1007,-18.800000000000033,105,1
1008,-8.000000000000007,69,1
1009,-9.500000000000021,72,1
1010,-2.999999999999991,51,1
1011,-9.500000000000004,72,1
1012,-1.1999999999999904,49,1
1013,-9.70000000000001,78,1
1014,-9.90000000000002,76,1
1015,-7.299999999999994,66,1
1016,-4.799999999999988,65,1
1017,-10.20000000000002,83,1
1018,-5.999999999999993,61,1
1019,-13.000000000000018,87,1
1020,-13.500000000000025,96,1
1021,-4.099999999999987,62,1
1022,-8.600000000000005,75,1
1023,1.900000000000004,38,1
1024,2.7000000000000046,42,1
1025,-8.2,71,1
1026,2.2000000000000064,39,1
1027,-6.199999999999992,63,1
1028,-3.699999999999992,54,1
1029,-6.099999999999991,62,1
1030,-2.4999999999999893,58,1
1031,-7.29999999999999,66,1
1032,2.300000000000008,42,1
1033,-5.89999999999999,60,1
1034,-2.3999999999999915,53,1
1035,-10.399999999999999,77,1
1036,3.6999999999999993,40,1
1037,-9.700000000000006,78,1
1038,-60.09999999999994,210,1
1039,1.800000000000006,39,1
1040,-3.199999999999992,53,1
1041,-14.000000000000036,81,1
1042,-2.8999999999999915,54,1
1043,-4.3999999999999915,61,1
1044,-7.799999999999997,63,1
1045,-2.699999999999994,48,1
1046,-5.499999999999991,72,1
1047,-4.999999999999989,55,1
1048,-1.5999999999999943,49,1
1049,-5.599999999999987,69,1
1050,-4.699999999999992,52,1
1051,-3.799999999999992,59,1
1052,-7.499999999999993,72,1
1053,-2.3999999999999897,61,1
1054,1.2000000000000082,45,1
1055,-1.8999999999999915,52,1
1056,-7.29999999999999,74,1
1057,-57.19999999999999,213,1
1058,-4.8999999999999915,58,1
1059,3.2000000000000037,37,1
1060,0.9000000000000039,48,1
1061,-20.400000000000034,101,1
1062,-13.600000000000009,85,1
1063,-4.39999999999999,61,1
1064,-10.200000000000017,71,1
1065,-2.999999999999993,55,1
1066,-13.900000000000023,80,1
1067,-2.7999999999999883,61,1
1068,-0.5999999999999925,47,1
1069,-5.799999999999992,59,1
1070,-8.800000000000018,77,1
1071,-11.100000000000009,72,1
1072,-2.29999999999999,52,1
1073,-3.199999999999992,57,1
1074,-0.39999999999999325,53,1
1075,-18.900000000000038,98,1
1076,-3.499999999999991,52,1
1077,-32.50000000000007,138,1
1078,-1.3999999999999915,47,1
1079,-11.200000000000017,77,1
1080,-1.5999999999999925,49,1
1081,-13.100000000000016,92,1
1082,-3.999999999999991,61,1
1083,-5.89999999999999,64,1
1084,-9.100000000000005,72,1
1085,-3.8999999999999932,52,1
1086,1.000000000000007,43,1
1087,-8.29999999999999,80,1
1088,-0.5999999999999925,47,1
1089,1.5000000000000036,46,1
1090,0.6000000000000085,43,1
1091,-23.80000000000006,123,1
1092,-6.3999999999999915,61,1
1093,-10.900000000000023,78,1
1094,1.1000000000000068,46,1
1095,-3.1999999999999886,61,1
1096,-4.599999999999991,55,1
1097,-12.900000000000013,82,1
1098,-6.699999999999999,72,1
1099,-14.300000000000026,88,1
1100,-6.799999999999994,65,1
1101,-1.699999999999994,50,1
1102,2.7000000000000064,38,1
1103,-4.599999999999984,71,1
1104,-4.399999999999986,61,1
1105,-6.099999999999987,66,1
1106,-5.099999999999987,64,1
1107,-7.699999999999999,70,1
1108,-7.700000000000003,62,1
1109,1.500000000000007,42,1
1110,-3.0999999999999908,68,1
1111,-11.600000000000009,73,1
1112,-10.600000000000026,83,1
1113,-0.8999999999999932,50,1
1114,-13.100000000000001,92,1
1115,-4.099999999999989,58,1
1116,-2.999999999999991,55,1
1117,-4.799999999999992,57,1
1118,-1.8999999999999897,56,1
1119,-0.09999999999999432,50,1
1120,-6.29999999999999,68,1
1121,-4.699999999999992,60,1
1122,-3.0999999999999925,52,1
1123,-4.499999999999988,66,1
1124,-1.2999999999999918,50,1
1125,-20.50000000000005,114,1
1126,-2.199999999999994,47,1
1127,-2.9999999999999893,55,1
1128,-0.2999999999999936,44,1
1129,-1.5999999999999908,57,1
1130,-6.299999999999994,68,1
1131,-0.49999999999999467,42,1
1132,-1.3999999999999915,47,1
1133,-4.39999999999999,57,1
1134,-13.80000000000003,83,1
1135,0.9000000000000057,40,1
1136,-6.799999999999994,73,1
1137,-7.8999999999999915,72,1
1138,-8.199999999999989,75,1
1139,0.5000000000000053,44,1
1140,-2.8999999999999932,50,1
1141,-4.19999999999999,63,1
1142,-4.099999999999989,62,1
1143,-1.2999999999999936,50,1
1144,-3.099999999999989,60,1
1145,-9.299999999999997,78,1
1146,-12.800000000000036,89,1
1147,-6.29999999999999,64,1
1148,-1.3999999999999897,55,1
1149,-4.499999999999989,66,1
1150,7.105427357601002e-15,41,1
1151,-4.099999999999987,62,1
1152,-3.5999999999999854,61,1
1153,-0.4999999999999911,50,1
1154,-17.700000000000024,94,1
1155,3.2000000000000046,37,1
1156,-13.900000000000041,88,1
1157,-4.499999999999993,58,1
1158,0.600000000000005,43,1
1159,-8.799999999999997,77,1
1160,-1.0999999999999925,48,1
1161,1.7000000000000046,44,1
1162,-11.900000000000027,72,1
1163,-3.999999999999986,65,1
1164,-4.499999999999989,58,1
1165,1.500000000000007,46,1
1166,0.10000000000000675,44,1
1167,-3.6999999999999886,62,1
1168,-24.50000000000005,138,1
1169,0.10000000000000853,44,1
1170,1.500000000000007,42,1
1171,-0.09999999999999076,50,1
1172,-8.29999999999999,68,1
1173,-2.0999999999999943,54,1
1174,-4.19999999999999,59,1
1175,-1.099999999999989,48,1
1176,-0.9999999999999911,47,1
1177,2.100000000000004,44,1
1178,-3.299999999999992,54,1
1179,-2.5999999999999908,51,1
1180,-0.19999999999999574,47,1
1181,0.30000000000000604,46,1
1182,-3.7999999999999883,59,1
1183,-3.3999999999999932,51,1
1184,-6.199999999999989,63,1
1185,-8.899999999999995,74,1
1186,0.30000000000000604,46,1
1187,-2.199999999999992,51,1
1188,-2.1999999999999957,51,1
1189,-1.0999999999999925,52,1
1190,-3.8999999999999915,52,1
1191,-5.199999999999987,69,1
1192,-1.999999999999993,49,1
1193,-2.3999999999999915,53,1
1194,-6.29999999999999,68,1
1195,2.0000000000000044,41,1
1196,1.900000000000004,42,1
1197,-18.800000000000047,93,1
1198,-2.7999999999999954,45,1
1199,2.100000000000005,36,1
1200,-6.29999999999999,68,1
1201,-1.29999999999999,50,1
1202,-0.699999999999994,52,1
1203,-18.00000000000002,85,1
1204,-11.200000000000035,85,1
1205,-6.099999999999991,62,1
1206,-6.8999999999999915,58,1
1207,-1.1999999999999922,45,1
1208,-2.799999999999992,61,1
1209,1.2000000000000064,41,1
1210,2.600000000000005,39,1
1211,-7.099999999999998,72,1
1212,-1.6999999999999904,54,1
1213,-9.50000000000001,76,1
1214,-3.8999999999999915,52,1
1215,-15.300000000000026,86,1
1216,-11.300000000000015,74,1
1217,-1.4999999999999911,52,1
1218,-2.2999999999999954,44,1
1219,-0.6999999999999922,52,1
1220,-8.799999999999997,69,1
1221,-2.5999999999999908,51,1
1222,-5.8999999999999915,56,1
1223,2.2000000000000064,39,1
1224,-7.599999999999998,61,1
1225,-13.300000000000022,74,1
1226,-3.79999999999999,55,1
1227,-1.8999999999999915,48,1
1228,-2.0999999999999943,46,1
1229,0.5000000000000053,44,1
1230,-5.599999999999989,61,1
1231,-0.09999999999999432,42,1
1232,-3.5999999999999925,53,1
1233,-4.199999999999994,51,1
1234,-2.199999999999992,55,1
1235,-4.099999999999991,54,1
1236,-6.099999999999991,58,1
1237,-12.300000000000026,84,1
1238,-4.699999999999992,60,1
1239,1.8000000000000078,43,1
1240,-8.20000000000001,67,1
1241,4.3000000000000025,38,1
1242,2.4000000000000075,41,1
1243,-0.19999999999999218,43,1
1244,-4.199999999999992,55,1
1245,-3.799999999999992,59,1
1246,-0.39999999999999325,45,1
1247,0.2000000000000064,43,1
1248,2.1000000000000005,36,1
1249,-2.1999999999999886,55,1
1250,-2.6999999999999904,56,1
1251,-0.6999999999999922,48,1
1252,-1.4999999999999911,52,1
1253,-8.600000000000005,75,1
1254,-8.299999999999994,60,1
1255,-9.400000000000013,67,1
1256,-6.499999999999993,62,1
1257,1.1000000000000068,38,1
1258,-2.199999999999992,51,1
1259,-2.9999999999999893,55,1
1260,-1.4999999999999911,52,1
1261,-9.700000000000017,74,1
1262,-3.1999999999999904,53,1
1263,1.1000000000000032,46,1
1264,-9.900000000000002,72,1
1265,-4.499999999999991,62,1
1266,-1.9999999999999911,61,1
1267,-4.099999999999991,58,1
1268,-11.900000000000038,80,1
1269,-21.000000000000046,103,1
1270,0.9000000000000039,44,1
1271,-2.7999999999999865,65,1
1272,-9.20000000000001,69,1
1273,-4.999999999999991,59,1
1274,-4.999999999999993,55,1
1275,-4.599999999999991,59,1
1276,3.400000000000002,35,1
1277,-1.0999999999999925,48,1
1278,-8.700000000000003,68,1
1279,0.9000000000000057,44,1
1280,0.30000000000000604,42,1
1281,-2.29999999999999,56,1
1282,3.100000000000006,42,1
1283,-0.9999999999999911,47,1
1284,-13.700000000000031,86,1
1285,-5.7999999999999865,75,1
1286,-4.899999999999988,62,1
1287,1.3000000000000043,40,1
1288,-2.79999999999999,57,1
1289,-3.999999999999991,61,1
1290,-10.40000000000003,69,1
1291,-4.899999999999993,54,1
1292,-2.4999999999999893,58,1
1293,-4.39999999999999,61,1
1294,-2.699999999999992,48,1
1295,-0.09999999999999076,46,1
1296,-3.1999999999999904,57,1
1297,-3.699999999999992,54,1
1298,-0.19999999999999396,47,1
1299,-2.0999999999999908,54,1
1300,2.7000000000000055,46,1
1301,1.4000000000000057,39,1
1302,1.6000000000000085,45,1
1303,0.9000000000000039,44,1
1304,3.2000000000000064,41,1
1305,-0.7999999999999936,41,1
1306,3.400000000000005,39,1
1307,0.7000000000000028,42,1
1308,2.800000000000006,41,1
1309,-1.1999999999999904,49,1
1310,1.6000000000000068,41,1
1311,-1.3999999999999932,47,1
1312,-4.199999999999992,59,1
1313,-5.099999999999991,56,1
1314,-3.199999999999992,61,1
1315,8.881784197001252e-15,53,1
1316,1.0000000000000053,43,1
1317,-0.8999999999999915,54,1
1318,-13.000000000000028,87,1
1319,1.100000000000005,38,1
1320,0.7000000000000082,42,1
1321,-1.9999999999999911,57,1
1322,-0.8999999999999915,46,1
1323,2.000000000000009,41,1
1324,-10.900000000000027,74,1
1325,-13.600000000000037,81,1
1326,-34.50000000000007,150,1
1327,-6.79999999999999,69,1
1328,-2.199999999999992,51,1
1329,-1.0999999999999908,52,1
1330,-1.6999999999999904,54,1
1331,2.100000000000005,36,1
1332,5.329070518200751e-15,49,1
1333,0.40000000000000746,45,1
1334,2.100000000000005,40,1
1335,-0.79999999999999,57,1
1336,-6.9999999999999964,67,1
1337,-2.1999999999999904,51,1
1338,-6.099999999999987,58,1
1339,2.7000000000000064,38,1
1340,-2.199999999999992,47,1
1341,-4.399999999999988,65,1
1342,-1.099999999999989,60,1
1343,-3.29999999999999,58,1
1344,-0.09999999999999432,46,1
1345,-0.6999999999999904,52,1
1346,7.105427357601002e-15,49,1
1347,-3.8999999999999915,64,1
1348,-1.2999999999999936,50,1
1349,3.1000000000000068,38,1
1350,-6.699999999999996,60,1
1351,-0.4999999999999911,46,1
1352,-0.9999999999999911,51,1
1353,-1.699999999999994,46,1
1354,-2.699999999999992,48,1
1355,-0.9999999999999929,47,1
1356,3.5,34,1
1357,0.5000000000000107,48,1
1358,1.1000000000000085,46,1
1359,-4.099999999999989,62,1
1360,-6.199999999999989,67,1
1361,-2.899999999999995,50,1
1362,-1.499999999999993,52,1
1363,-0.4999999999999911,50,1
1364,-5.099999999999989,56,1
1365,-2.7999999999999936,53,1
1366,1.1000000000000068,50,1
1367,-9.50000000000001,68,1
1368,0.40000000000000746,45,1
1369,-6.099999999999987,66,1
1370,-3.799999999999992,55,1
1371,-4.599999999999991,67,1
1372,-9.400000000000006,67,1
1373,-0.09999999999999254,50,1
1374,2.7000000000000073,46,1
1375,-9.70000000000001,74,1
1376,-6.599999999999991,83,1
1377,3.5000000000000053,42,1
1378,-1.1999999999999922,49,1
1379,0.40000000000000746,45,1
1380,-1.1999999999999904,49,1
1381,1.2000000000000046,41,1
1382,-2.999999999999986,63,1
1383,-1.1999999999999886,53,1
1384,3.100000000000005,38,1
1385,1.7000000000000064,40,1
1386,-1.1999999999999904,49,1
1387,1.9000000000000057,50,1
1388,-7.900000000000002,76,1
1389,0.5000000000000107,52,1
1390,0.5000000000000071,48,1
1391,-16.700000000000035,84,1
1392,-2.599999999999989,63,1
1393,-3.7999999999999883,55,1
1394,-0.9999999999999893,55,1
1395,-9.900000000000023,68,1
1396,-0.09999999999999254,46,1
1397,-2.799999999999992,53,1
1398,-2.499999999999993,58,1
1399,-7.79999999999999,63,1
1400,-0.9999999999999911,55,1
1401,2.300000000000005,42,1
1402,-2.9999999999999893,63,1
1403,-2.3999999999999932,49,1
1404,1.3000000000000096,48,1
1405,-2.5999999999999925,55,1
1406,-0.29999999999999183,48,1
1407,-1.7999999999999865,59,1
1408,-3.599999999999989,65,1
1409,5.999999999999998,29,1
1410,1.8000000000000096,51,1
1411,2.6000000000000068,35,1
1412,-1.8999999999999897,52,1
1413,-4.999999999999989,63,1
1414,-12.800000000000036,101,1
1415,0.4000000000000057,41,1
1416,0.8000000000000078,45,1
1417,-2.9999999999999893,55,1
1418,-1.999999999999993,53,1
1419,-1.0999999999999943,52,1
1420,-0.19999999999999218,51,1
1421,-3.9999999999999893,65,1
1422,1.7000000000000082,44,1
1423,-0.7999999999999918,49,1
1424,0.9000000000000075,48,1
1425,5.8999999999999995,30,1
1426,3.2000000000000046,37,1
1427,0.9000000000000075,44,1
1428,-26.00000000000005,113,1
1429,0.9000000000000075,48,1
1430,1.500000000000007,46,1
1431,0.5000000000000071,48,1
1432,6.199999999999999,27,1
1433,-4.69999999999999,60,1
1434,-12.000000000000007,89,1
1435,1.3000000000000096,48,1
1436,0.5000000000000071,52,1
1437,-1.2999999999999936,54,1
1438,4.000000000000003,33,1
1439,0.7000000000000082,46,1
1440,-3.6999999999999886,62,1
1441,-7.400000000000002,79,1
1442,-3.29999999999999,62,1
1443,-0.79999999999999,61,1
1444,-3.4999999999999893,60,1
1445,-3.8999999999999897,52,1
1446,-8.600000000000023,71,1
1447,-1.199999999999994,45,1
1448,2.1000000000000068,40,1
1449,0.4000000000000057,49,1
1450,2.9000000000000075,36,1
1451,4.600000000000005,31,1
1452,-6.8999999999999915,66,1
1453,1.8000000000000078,47,1
1454,-1.5999999999999943,45,1
1455,-1.5999999999999908,49,1
1456,-1.499999999999993,44,1
1457,-5.399999999999986,71,1
1458,0.20000000000000817,51,1
1459,-35.70000000000004,154,1
1460,0.40000000000000924,53,1
1461,-10.900000000000016,86,1
1462,1.4000000000000057,43,1
1463,1.000000000000007,43,1
1464,-4.999999999999989,63,1
1465,4.000000000000003,37,1
1466,-1.5999999999999908,49,1
1467,7.105427357601002e-15,53,1
1468,-0.8999999999999897,54,1
1469,2.7000000000000037,38,1
1470,-150.79999999999953,441,1
1471,1.100000000000005,46,1
1472,-1.3999999999999915,59,1
1473,-1.6999999999999904,54,1
1474,-2.199999999999992,51,1
1475,-1.1999999999999922,49,1
1476,0.800000000000006,37,1
1477,-2.599999999999989,59,1
1478,-2.6999999999999886,68,1
1479,-0.7999999999999918,49,1
1480,1.6000000000000068,41,1
1481,-3.299999999999992,58,1
1482,-14.900000000000034,98,1
1483,-1.9999999999999911,57,1
1484,-2.5999999999999925,51,1
1485,-2.999999999999991,51,1
1486,2.800000000000007,41,1
1487,-4.199999999999989,63,1
1488,-7.199999999999999,73,1
1489,-4.399999999999988,69,1
1490,-4.599999999999989,63,1
1491,-2.199999999999992,55,1
1492,-8.100000000000001,74,1
1493,-4.499999999999989,58,1
1494,-7.399999999999995,63,1
1495,1.8000000000000025,43,1
1496,0.7000000000000082,50,1
1497,-3.6999999999999886,58,1
1498,-2.8999999999999897,62,1
1499,3.2000000000000046,37,1
1500,-1.399999999999988,55,1
1501,-2.9999999999999876,59,1
1502,1.3000000000000096,44,1
1503,1.20000000000001,49,1
1504,1.5000000000000089,46,1
1505,-5.7999999999999865,67,1
1506,-10.50000000000001,78,1
1507,1.800000000000006,43,1
1508,3.2000000000000064,45,1
1509,-2.8999999999999897,54,1
1510,-3.299999999999992,54,1
1511,2.5000000000000053,48,1
1512,2.3000000000000034,38,1
1513,-8.199999999999996,79,1
1514,1.800000000000006,43,1
1515,2.900000000000005,40,1
1516,-2.499999999999991,58,1
1517,3.300000000000006,40,1
1518,-1.399999999999995,47,1
1519,-7.0,59,1
1520,1.2000000000000064,49,1
1521,-1.2999999999999883,54,1
1522,0.6000000000000068,43,1
1523,1.8000000000000007,43,1
1524,-2.299999999999992,48,1
1525,-2.0999999999999908,50,1
1526,-2.79999999999999,57,1
1527,-18.90000000000002,98,1
1528,0.40000000000000746,45,1
1529,3.2000000000000046,41,1
1530,2.1000000000000068,40,1
1531,-3.3999999999999897,59,1
1532,-3.799999999999992,55,1
1533,0.2000000000000064,43,1
1534,-9.100000000000005,76,1
1535,-4.499999999999989,62,1
1536,0.10000000000000675,44,1
1537,2.000000000000008,45,1
1538,0.9000000000000092,52,1
1539,-8.099999999999994,66,1
1540,4.800000000000002,33,1
1541,-0.4999999999999929,54,1
1542,-3.199999999999992,53,1
1543,-5.3999999999999915,55,1
1544,5.300000000000002,32,1
1545,3.000000000000006,35,1
1546,-0.6999999999999922,48,1
1547,-3.2999999999999883,66,1
1548,-1.5999999999999908,57,1
1549,-9.20000000000001,69,1
1550,2.100000000000006,40,1
1551,-1.4999999999999893,60,1
1552,-0.09999999999999076,50,1
1553,-4.999999999999989,63,1
1554,6.399999999999999,33,1
1555,4.700000000000001,34,1
1556,3.900000000000004,38,1
1557,4.700000000000005,34,1
1558,-5.099999999999987,68,1
1559,2.100000000000004,44,1
1560,1.1000000000000068,54,1
1561,-3.0999999999999908,52,1
1562,5.699999999999999,32,1
1563,1.6000000000000068,41,1
1564,-6.199999999999992,67,1
1565,3.600000000000004,37,1
1566,-6.9999999999999964,63,1
1567,-6.599999999999991,59,1
1568,-2.599999999999989,67,1
1569,4.899999999999999,32,1
1570,2.1000000000000023,40,1
1571,4.500000000000004,36,1
1572,-3.6999999999999886,62,1
1573,2.200000000000003,35,1
1574,-3.699999999999987,62,1
1575,-0.19999999999999218,47,1
1576,0.9000000000000075,48,1
1577,5.000000000000001,35,1
1578,0.30000000000000604,50,1
1579,-3.899999999999988,56,1
1580,-2.5999999999999908,63,1
1581,-6.199999999999996,59,1
1582,5.500000000000001,30,1
1583,1.8000000000000025,43,1
1584,-0.7999999999999918,49,1
1585,-6.999999999999993,63,1
1586,-4.999999999999988,63,1
1587,-0.699999999999994,52,1
1588,4.900000000000001,36,1
1589,-7.200000000000006,61,1
1590,1.1000000000000068,38,1
1591,-2.999999999999991,59,1
1592,4.100000000000003,36,1
1593,-0.6999999999999886,56,1
1594,-7.399999999999999,63,1
1595,4.200000000000002,35,1
1596,1.500000000000007,42,1
1597,3.400000000000002,39,1
1598,2.7000000000000073,42,1
1599,-9.000000000000014,59,1
1600,-0.5999999999999925,47,1
1601,-2.5999999999999908,51,1
1602,2.7000000000000046,38,1
1603,-0.09999999999999076,46,1
1604,2.8000000000000043,41,1
1605,0.5000000000000071,48,1
1606,1.000000000000007,43,1
1607,1.1000000000000068,46,1
1608,5.8999999999999995,26,1
1609,3.0000000000000053,35,1
1610,-4.199999999999987,67,1
1611,-5.999999999999989,65,1
1612,0.40000000000000746,49,1
1613,-2.999999999999991,51,1
1614,3.6000000000000023,37,1
1615,2.7000000000000064,38,1
1616,2.8000000000000034,41,1
1617,-1.7999999999999936,55,1
1618,-2.799999999999992,57,1
1619,2.800000000000006,41,1
1620,-1.6999999999999904,50,1
1621,0.800000000000006,45,1
1622,4.900000000000003,32,1
1623,4.100000000000004,36,1
1624,0.6000000000000085,47,1
1625,-3.2999999999999883,62,1
1626,1.6000000000000068,41,1
1627,0.10000000000000853,48,1
1628,-2.199999999999992,51,1
1629,-0.7999999999999918,49,1
1630,-6.900000000000006,66,1
1631,0.7000000000000064,46,1
1632,6.199999999999999,31,1
1633,2.300000000000008,38,1
1634,5.0,31,1
1635,7.105427357601002e-15,45,1
1636,2.1000000000000068,40,1
1637,-0.9999999999999893,55,1
1638,-6.299999999999994,64,1
1639,-0.2999999999999883,52,1
1640,2.5000000000000027,40,1
1641,0.7000000000000082,50,1
1642,-0.09999999999999432,54,1
1643,4.000000000000004,37,1
1644,1.1000000000000103,46,1
1645,5.3,28,1
1646,0.8000000000000078,45,1
1647,3.100000000000004,34,1
1648,-0.9999999999999893,51,1
1649,-0.19999999999999218,51,1
1650,3.7000000000000046,36,1
1651,1.4000000000000057,39,1
1652,2.800000000000006,41,1
1653,4.0000000000000036,41,1
1654,3.3000000000000043,36,1
1655,1.9000000000000057,50,1
1656,-0.9999999999999929,47,1
1657,6.399999999999999,29,1
1658,3.5000000000000036,38,1
1659,5.500000000000001,30,1
1660,4.600000000000005,31,1
1661,2.200000000000008,47,1
1662,2.1000000000000068,40,1
1663,0.8000000000000043,41,1
1664,-3.2999999999999865,66,1
1665,4.200000000000004,35,1
1666,-0.4999999999999929,50,1
1667,1.6000000000000068,49,1
1668,4.000000000000004,41,1
1669,2.5000000000000053,44,1
1670,0.7000000000000064,42,1
1671,3.800000000000005,35,1
1672,0.5000000000000053,44,1
1673,4.900000000000003,32,1
1674,1.8000000000000025,43,1
1675,1.1000000000000068,42,1
1676,3.700000000000003,36,1
1677,4.100000000000004,32,1
1678,-5.099999999999985,64,1
1679,4.1,36,1
1680,3.5999999999999996,37,1
1681,1.1000000000000085,46,1
1682,-0.7999999999999918,49,1
1683,1.2000000000000064,41,1
1684,2.500000000000008,40,1
1685,0.600000000000005,47,1
1686,5.300000000000001,36,1
1687,2.8000000000000034,37,1
1688,-2.599999999999989,63,1
1689,-3.6999999999999886,62,1
1690,-2.1999999999999886,55,1
1691,4.800000000000002,33,1
1692,0.6000000000000068,47,1
1693,1.800000000000006,43,1
1694,-45.70000000000002,158,1
1695,-1.6999999999999904,50,1
1696,-5.199999999999992,57,1
1697,2.200000000000008,43,1
1698,-89.89999999999975,292,1
1699,-4.79999999999999,57,1
1700,0.10000000000000675,48,1
1701,0.3000000000000078,46,1
1702,5.199999999999999,33,1
1703,-3.699999999999992,54,1
1704,3.200000000000003,41,1
1705,-8.000000000000004,73,1
1706,-1.2999999999999936,46,1
1707,-0.8999999999999932,46,1
1708,-10.500000000000014,74,1
1709,4.300000000000004,42,1
1710,-1.499999999999993,48,1
1711,-2.3999999999999915,53,1
1712,3.500000000000007,34,1
1713,3.800000000000006,35,1
1714,-0.29999999999999183,48,1
1715,-0.79999999999999,49,1
1716,2.900000000000004,36,1
1717,2.200000000000009,51,1
1718,-0.09999999999999254,42,1
1719,-4.19999999999999,55,1
1720,1.6000000000000032,45,1
1721,1.3000000000000043,40,1
1722,-1.5999999999999925,49,1
1723,3.4000000000000066,35,1
1724,-1.499999999999993,48,1
1725,-1.5999999999999908,53,1
1726,1.6000000000000068,41,1
1727,2.600000000000003,35,1
1728,3.0000000000000036,35,1
1729,2.400000000000004,41,1
1730,-1.7999999999999936,55,1
1731,4.200000000000002,31,1
1732,-2.3999999999999897,61,1
1733,3.7000000000000073,36,1
1734,0.9000000000000057,44,1
1735,-0.8999999999999915,50,1
1736,0.8000000000000078,45,1
1737,7.105427357601002e-15,45,1
1738,1.0000000000000053,43,1
1739,-1.599999999999989,57,1
1740,-1.3999999999999915,51,1
1741,3.000000000000001,39,1
1742,4.000000000000004,37,1
1743,5.999999999999998,25,1
1744,4.099999999999999,36,1
1745,3.7000000000000055,40,1
1746,3.0000000000000018,39,1
1747,0.10000000000000853,48,1
1748,-0.5999999999999908,51,1
1749,-1.0999999999999908,48,1
1750,0.1000000000000103,52,1
1751,1.8000000000000043,39,1
1752,0.9000000000000021,40,1
1753,0.10000000000000675,52,1
1754,1.2000000000000046,45,1
1755,1.6000000000000068,45,1
1756,2.3000000000000034,38,1
1757,-1.1999999999999904,49,1
1758,-3.2999999999999883,58,1
1759,1.600000000000005,37,1
1760,0.4000000000000057,49,1
1761,3.7000000000000046,36,1
1762,3.8000000000000043,35,1
1763,-1.7999999999999883,59,1
1764,3.0000000000000053,35,1
1765,3.3000000000000034,36,1
1766,-3.999999999999991,57,1
1767,2.700000000000002,38,1
1768,2.800000000000005,37,1
1769,2.2000000000000055,39,1
1770,2.500000000000007,40,1
1771,-3.699999999999992,50,1
1772,0.2000000000000064,47,1
1773,0.10000000000000853,48,1
1774,1.7000000000000064,44,1
1775,5.799999999999999,35,1
1776,4.400000000000004,33,1
1777,1.100000000000005,46,1
1778,1.3000000000000043,40,1
1779,-4.699999999999992,52,1
1780,-7.999999999999993,69,1
1781,-0.9999999999999911,47,1
1782,0.70000000000001,50,1
1783,-1.599999999999989,49,1
1784,-0.19999999999999218,43,1
1785,2.4000000000000066,37,1
1786,0.20000000000000995,51,1
1787,3.2000000000000037,37,1
1788,2.100000000000004,32,1
1789,-3.099999999999989,60,1
1790,5.699999999999998,28,1
1791,3.5000000000000018,42,1
1792,3.300000000000006,36,1
1793,1.1000000000000085,46,1
1794,3.400000000000003,39,1
1795,4.900000000000003,44,1
1796,1.000000000000007,43,1
1797,0.40000000000000746,49,1
1798,4.200000000000001,35,1
1799,1.2000000000000082,53,1
1800,0.20000000000000817,47,1
1801,2.000000000000008,49,1
1802,-9.40000000000002,75,1
1803,3.4000000000000083,39,1
1804,2.300000000000005,38,1
1805,2.600000000000005,43,1
1806,-28.700000000000045,140,1
1807,2.1000000000000068,44,1
1808,0.10000000000000675,44,1
1809,-1.4999999999999911,52,1
1810,2.900000000000003,40,1
1811,0.30000000000000604,46,1
1812,2.600000000000006,39,1
1813,5.000000000000001,31,1
1814,1.7000000000000064,40,1
1815,4.200000000000003,31,1
1816,-4.199999999999996,55,1
1817,3.000000000000007,43,1
1818,3.400000000000004,31,1
1819,-2.29999999999999,56,1
1820,0.6000000000000068,43,1
1821,-0.5999999999999925,43,1
1822,-9.3,74,1
1823,0.2000000000000064,43,1
1824,-2.3999999999999915,49,1
1825,2.800000000000007,37,1
1826,5.4,31,1
1827,3.1000000000000023,34,1
1828,3.600000000000004,33,1
1829,1.0000000000000107,51,1
1830,3.700000000000002,36,1
1831,2.3000000000000043,38,1
1832,-1.1999999999999904,49,1
1833,4.200000000000004,31,1
1834,2.0000000000000053,45,1
1835,-4.199999999999992,59,1
1836,-0.6999999999999922,48,1
1837,-0.09999999999999432,42,1
1838,2.300000000000007,42,1
1839,-2.3999999999999932,45,1
1840,2.4000000000000057,37,1
1841,5.400000000000001,31,1
1842,4.600000000000005,35,1
1843,-0.3999999999999915,45,1
1844,2.900000000000005,40,1
1845,-3.8999999999999932,56,1
1846,3.200000000000003,37,1
1847,-1.7999999999999918,51,1
1848,-1.3999999999999915,47,1
1849,-0.4999999999999929,46,1
1850,2.7000000000000037,38,1
1851,0.30000000000000604,42,1
1852,0.6000000000000103,51,1
1853,1.800000000000006,39,1
1854,1.4000000000000057,43,1
1855,3.5000000000000044,38,1
1856,2.5000000000000053,48,1
1857,5.799999999999999,31,1
1858,4.400000000000006,33,1
1859,2.600000000000003,39,1
1860,-0.09999999999999076,42,1
1861,1.3000000000000096,52,1
1862,0.3000000000000078,46,1
1863,2.8000000000000043,37,1
1864,5.200000000000002,33,1
1865,6.299999999999999,30,1
1866,2.300000000000006,34,1
1867,-1.0999999999999908,56,1
1868,-1.499999999999993,52,1
1869,0.20000000000000817,47,1
1870,1.1000000000000068,42,1
1871,0.9000000000000075,44,1
1872,-1.5999999999999908,53,1
1873,2.500000000000009,40,1
1874,-0.7999999999999918,45,1
1875,3.100000000000005,38,1
1876,1.8000000000000078,43,1
1877,4.800000000000003,33,1
1878,-1.3999999999999897,55,1
1879,-1.699999999999994,50,1
1880,4.300000000000001,34,1
1881,0.8000000000000078,45,1
1882,5.1000000000000005,34,1
1883,2.100000000000005,40,1
1884,-0.8999999999999915,50,1
1885,3.900000000000004,38,1
1886,1.300000000000006,40,1
1887,4.100000000000004,36,1
1888,0.6000000000000068,43,1
1889,-2.0999999999999908,50,1
1890,0.7000000000000046,42,1
1891,3.7000000000000064,36,1
1892,-3.499999999999991,56,1
1893,1.000000000000007,47,1
1894,3.400000000000003,35,1
1895,2.300000000000005,42,1
1896,0.30000000000000426,38,1
1897,1.4000000000000075,43,1
1898,4.000000000000004,37,1
1899,3.0000000000000053,35,1
1900,-1.8999999999999915,52,1
1901,-0.699999999999994,44,1
1902,4.800000000000004,33,1
1903,-1.4999999999999893,60,1
1904,4.200000000000003,43,1
1905,4.400000000000002,33,1
1906,-6.099999999999991,70,1
1907,1.4000000000000128,55,1
1908,2.3000000000000025,42,1
1909,3.4000000000000057,39,1
1910,-0.6999999999999886,56,1
1911,-0.9999999999999929,47,1
1912,3.0000000000000053,39,1
1913,-0.19999999999999396,47,1
1914,-0.29999999999999183,52,1
1915,-4.099999999999994,58,1
1916,4.000000000000003,33,1
1917,1.7000000000000046,44,1
1918,3.2000000000000046,37,1
1919,0.8000000000000078,45,1
1920,5.5,34,1
1921,4.9,36,1
1922,4.200000000000002,31,1
1923,4.200000000000004,31,1
1924,2.500000000000001,36,1
1925,3.900000000000003,38,1
1926,2.800000000000006,37,1
1927,4.300000000000006,34,1
1928,1.8000000000000078,43,1
1929,0.5000000000000071,60,1
1930,2.5000000000000044,44,1
1931,4.000000000000005,37,1
1932,5.000000000000003,39,1
1933,1.0000000000000053,47,1
1934,3.300000000000005,44,1
1935,0.6000000000000068,47,1
1936,4.300000000000003,38,1
1937,-0.49999999999999467,42,1
1938,1.6000000000000085,41,1
1939,2.000000000000009,41,1
1940,2.400000000000004,37,1
1941,1.9000000000000075,46,1
1942,1.5000000000000089,46,1
1943,1.000000000000007,43,1
1944,2.8000000000000043,45,1
1945,5.000000000000003,31,1
1946,4.000000000000003,37,1
1947,-5.399999999999988,67,1
1948,4.300000000000003,34,1
1949,-0.2999999999999936,44,1
1950,-8.0,61,1
1951,-1.3999999999999932,55,1
1952,-0.1999999999999904,47,1
1953,3.8000000000000025,31,1
1954,0.7000000000000082,50,1
1955,5.100000000000002,30,1
1956,3.4000000000000057,35,1
1957,2.0000000000000053,41,1
1958,1.100000000000005,42,1
1959,3.6000000000000068,33,1
1960,0.5000000000000071,48,1
1961,2.600000000000004,39,1
1962,3.700000000000002,40,1
1963,4.700000000000001,38,1
1964,3.700000000000003,32,1
1965,3.6000000000000014,37,1
1966,0.8000000000000078,41,1
1967,3.100000000000004,34,1
1968,1.6000000000000068,49,1
1969,0.8000000000000096,49,1
1970,4.900000000000001,36,1
1971,3.5000000000000044,42,1
1972,-0.19999999999999218,51,1
1973,3.5000000000000044,38,1
1974,3.700000000000002,36,1
1975,1.1000000000000085,46,1
1976,-1.29999999999999,50,1
1977,4.100000000000005,36,1
1978,3.0000000000000027,39,1
1979,0.20000000000000817,47,1
1980,0.9000000000000092,48,1
1981,2.1000000000000085,44,1
1982,-1.1999999999999886,57,1
1983,1.5000000000000089,46,1
1984,3.000000000000007,39,1
1985,3.4000000000000075,39,1
1986,1.3000000000000078,48,1
1987,5.000000000000001,35,1
1988,4.100000000000004,32,1
1989,0.9000000000000075,44,1
1990,2.900000000000004,44,1
1991,4.400000000000006,33,1
1992,-4.699999999999989,68,1
1993,1.500000000000007,38,1
1994,0.7000000000000064,42,1
1995,1.0658141036401503e-14,49,1
1996,1.3000000000000078,48,1
1997,-1.1999999999999904,53,1
1998,0.7000000000000064,50,1
1999,8.881784197001252e-15,49,1
2000,2.9000000000000057,40,1
2001,-2.0999999999999925,50,1
2002,3.600000000000005,33,1
2003,0.3000000000000078,46,1
2004,0.5000000000000107,48,1
2005,3.3000000000000043,36,1
2006,3.400000000000005,35,1
2007,5.699999999999999,28,1
2008,2.0000000000000107,49,1
2009,4.700000000000002,30,1
2010,4.400000000000005,33,1
2011,1.9000000000000021,38,1
2012,1.5000000000000053,46,1
2013,0.2000000000000064,43,1
2014,0.9000000000000075,52,1
2015,5.999999999999998,29,1
2016,-2.7999999999999883,57,1
2017,2.100000000000004,40,1
2018,3.8000000000000043,39,1
2019,4.000000000000004,37,1
2020,5.1000000000000005,30,1
2021,2.5000000000000036,40,1
2022,2.5000000000000044,40,1
2023,3.600000000000004,41,1
2024,1.6000000000000068,45,1
2025,2.7000000000000037,42,1
2026,1.0000000000000089,43,1
2027,4.500000000000003,32,1
2028,3.7000000000000037,32,1
2029,-0.6999999999999922,48,1
2030,4.700000000000001,34,1
2031,-1.9999999999999911,53,1
2032,3.300000000000006,36,1
2033,-2.79999999999999,53,1
2034,-0.09999999999999432,42,1
2035,4.700000000000002,34,1
2036,4.8000000000000025,33,1
2037,2.600000000000004,43,1
2038,-0.5999999999999908,47,1
2039,0.5000000000000089,40,1
2040,-5.19999999999999,53,1
2041,-0.9999999999999911,47,1
2042,0.1000000000000103,56,1
2043,0.70000000000001,46,1
2044,-2.0999999999999908,62,1
2045,4.000000000000003,37,1
2046,-0.49999999999998934,54,1
2047,5.899999999999999,30,1
2048,2.100000000000004,36,1
2049,-1.9999999999999893,53,1
2050,1.5000000000000036,38,1
2051,3.400000000000003,35,1
2052,5.499999999999998,26,1
2053,2.2000000000000064,39,1
2054,1.300000000000006,40,1
2055,0.9000000000000057,44,1
2056,3.1000000000000068,38,1
2057,0.9000000000000092,48,1
2058,3.600000000000004,37,1
2059,1.6000000000000068,41,1
2060,4.800000000000002,37,1
2061,0.3000000000000078,50,1
2062,3.800000000000006,39,1
2063,0.5000000000000089,44,1
2064,5.0,39,1
2065,3.6000000000000023,41,1
2066,5.000000000000003,35,1
2067,4.000000000000001,33,1
2068,2.9000000000000057,36,1
2069,2.100000000000005,40,1
2070,2.9000000000000057,36,1
2071,0.800000000000006,41,1
2072,3.400000000000004,35,1
2073,5.400000000000001,31,1
2074,2.800000000000006,37,1
2075,5.2,33,1
2076,5.699999999999999,32,1
2077,3.900000000000004,34,1
2078,4.700000000000004,30,1
2079,2.600000000000005,35,1
2080,5.000000000000001,35,1
2081,1.000000000000007,47,1
2082,1.500000000000007,42,1
2083,-3.099999999999989,56,1
2084,2.600000000000004,39,1
2085,3.900000000000003,38,1
2086,3.2000000000000064,45,1
2087,-1.7999999999999883,63,1
2088,3.400000000000002,35,1
2089,2.9000000000000004,36,1
2090,0.5000000000000071,48,1
2091,0.8000000000000078,41,1
2092,1.1000000000000032,42,1
2093,2.100000000000005,40,1
2094,2.000000000000007,41,1
2095,4.200000000000005,35,1
2096,4.400000000000003,33,1
2097,2.900000000000005,40,1
2098,2.0000000000000044,41,1
2099,-0.39999999999999325,49,1
2100,5.5,30,1
2101,4.6000000000000005,31,1
2102,3.299999999999999,36,1
2103,2.200000000000003,39,1
2104,-4.69999999999999,60,1
2105,1.8000000000000025,39,1
2106,2.100000000000006,44,1
2107,5.6,33,1
2108,3.100000000000006,38,1
2109,1.3000000000000043,44,1
2110,6.099999999999998,28,1
2111,0.3000000000000078,46,1
2112,1.8000000000000078,43,1
2113,5.100000000000001,30,1
2114,5.100000000000002,34,1
2115,4.400000000000001,33,1
2116,4.4,37,1
2117,5.200000000000002,29,1
2118,0.7000000000000046,42,1
2119,2.600000000000003,39,1
2120,4.500000000000003,28,1
2121,5.200000000000002,33,1
2122,6.399999999999999,29,1
2123,3.400000000000005,43,1
2124,0.6000000000000068,47,1
2125,2.800000000000008,37,1
2126,3.2000000000000055,37,1
2127,6.199999999999998,31,1
2128,5.300000000000002,28,1
2129,3.1000000000000068,42,1
2130,2.2000000000000037,39,1
2131,5.999999999999999,29,1
2132,1.300000000000006,44,1
2133,5.200000000000001,33,1
2134,5.5,30,1
2135,5.1,34,1
2136,4.500000000000003,32,1
2137,1.5000000000000089,50,1
2138,4.600000000000002,31,1
2139,2.1000000000000085,40,1
2140,-0.6999999999999922,44,1
2141,5.200000000000002,29,1
2142,3.1000000000000023,38,1
2143,3.900000000000005,38,1
2144,1.4000000000000075,43,1
2145,4.100000000000002,36,1
2146,5.5,34,1
2147,2.4000000000000066,41,1
2148,1.6000000000000068,45,1
2149,4.700000000000003,34,1
2150,1.2000000000000046,41,1
2151,2.6000000000000068,39,1
2152,3.5000000000000027,38,1
2153,3.2000000000000055,33,1
2154,2.300000000000006,42,1
2155,5.300000000000002,32,1
2156,1.9000000000000021,34,1
2157,3.400000000000003,35,1
2158,6.099999999999999,32,1
2159,3.7000000000000037,40,1
2160,4.800000000000001,33,1
2161,-4.399999999999988,61,1
2162,1.1000000000000085,42,1
2163,3.1000000000000068,42,1
2164,3.900000000000003,34,1
2165,2.8000000000000096,45,1
2166,5.699999999999999,32,1
2167,2.000000000000008,45,1
2168,0.9000000000000057,48,1
2169,3.600000000000003,37,1
2170,1.2000000000000082,49,1
2171,4.800000000000001,29,1
2172,5.2,29,1
2173,3.400000000000003,39,1
2174,1.1000000000000068,46,1
2175,3.100000000000003,38,1
2176,4.200000000000002,31,1
2177,3.5000000000000044,42,1
2178,5.599999999999998,29,1
2179,2.0000000000000053,41,1
2180,1.3000000000000007,36,1
2181,2.500000000000006,36,1
2182,5.3999999999999995,31,1
2183,3.2000000000000046,37,1
2184,2.9000000000000057,40,1
2185,3.900000000000004,38,1
2186,1.9000000000000057,38,1
2187,4.800000000000002,33,1
2188,2.7000000000000037,34,1
2189,3.1000000000000068,38,1
2190,5.400000000000001,35,1
2191,2.400000000000003,41,1
2192,4.900000000000003,36,1
2193,-14.500000000000043,102,1
2194,5.1,38,1
2195,3.000000000000007,39,1
2196,5.199999999999999,37,1
2197,-1.6999999999999922,50,1
2198,2.4000000000000083,41,1
2199,4.000000000000002,41,1
2200,2.600000000000004,35,1
2201,5.299999999999999,32,1
2202,2.4999999999999982,36,1
2203,4.700000000000001,30,1
2204,2.0000000000000053,41,1
2205,6.799999999999999,25,1
2206,2.4000000000000057,41,1
2207,5.8999999999999995,26,1
2208,3.5000000000000053,38,1
2209,0.5000000000000071,48,1
2210,3.0000000000000053,39,1
2211,3.8000000000000016,39,1
2212,7.8999999999999995,22,1
2213,5.7,32,1
2214,6.499999999999998,24,1
2215,3.1000000000000068,38,1
2216,3.8000000000000025,35,1
2217,-5.099999999999989,64,1
2218,5.299999999999998,32,1
2219,2.2000000000000073,47,1
2220,3.400000000000003,35,1
2221,6.899999999999999,24,1
2222,-4.899999999999995,62,1
2223,2.7000000000000073,42,1
2224,0.900000000000011,52,1
2225,5.300000000000001,32,1
2226,5.899999999999999,26,1
2227,2.600000000000004,43,1
2228,1.6000000000000068,41,1
2229,1.100000000000005,46,1
2230,1.800000000000006,43,1
2231,6.699999999999998,26,1
2232,6.299999999999999,30,1
2233,3.100000000000003,34,1
2234,1.3000000000000078,44,1
2235,2.0000000000000053,37,1
2236,0.7000000000000064,42,1
2237,3.700000000000001,40,1
2238,5.999999999999999,29,1
2239,1.4000000000000057,43,1
2240,2.900000000000003,36,1
2241,3.9000000000000057,38,1
2242,4.700000000000002,34,1
2243,1.9000000000000057,42,1
2244,1.4000000000000057,43,1
2245,3.300000000000005,44,1
2246,3.200000000000001,37,1
2247,6.199999999999999,27,1
2248,3.5000000000000036,38,1
2249,6.499999999999998,24,1
2250,1.4000000000000075,47,1
2251,6.599999999999998,27,1
2252,3.400000000000004,31,1
2253,2.7000000000000046,38,1
2254,2.100000000000006,44,1
2255,4.799999999999999,33,1
2256,3.6000000000000023,33,1
2257,2.500000000000006,44,1
2258,5.699999999999999,32,1
2259,-22.40000000000004,121,1
2260,2.800000000000007,41,1
2261,3.2000000000000037,37,1
2262,5.3999999999999995,27,1
2263,4.400000000000006,37,1
2264,5.500000000000001,30,1
2265,-0.39999999999999325,45,1
2266,2.2000000000000037,43,1
2267,3.900000000000002,34,1
2268,4.100000000000005,36,1
2269,3.900000000000002,34,1
2270,3.5000000000000036,34,1
2271,5.699999999999999,36,1
2272,3.3000000000000025,36,1
2273,3.900000000000003,34,1
2274,4.500000000000001,32,1
2275,5.8999999999999995,30,1
2276,4.1,36,1
2277,5.400000000000001,31,1
2278,3.6000000000000023,37,1
2279,4.300000000000001,38,1
2280,-3.8999999999999897,60,1
2281,6.399999999999999,29,1
2282,2.5000000000000053,36,1
2283,2.8000000000000043,45,1
2284,4.299999999999999,34,1
2285,3.400000000000005,35,1
2286,3.3000000000000043,36,1
2287,0.3000000000000078,46,1
2288,4.4,33,1
2289,1.6000000000000068,49,1
2290,4.400000000000001,33,1
2291,5.3999999999999995,31,1
2292,2.3000000000000034,38,1
2293,5.329070518200751e-15,49,1
2294,4.200000000000003,35,1
2295,6.399999999999999,33,1
2296,4.4,33,1
2297,3.7000000000000037,40,1
2298,4.8000000000000025,29,1
2299,3.300000000000006,36,1
2300,-0.6999999999999957,44,1
2301,3.5000000000000044,42,1
2302,2.0000000000000053,41,1
2303,3.4000000000000057,43,1
2304,0.40000000000000746,45,1
2305,2.6000000000000085,39,1
2306,2.3000000000000043,38,1
2307,4.0000000000000036,33,1
2308,6.399999999999999,33,1
2309,1.5000000000000089,42,1
2310,6.399999999999999,29,1
2311,4.000000000000002,33,1
2312,5.100000000000002,30,1
2313,1.500000000000007,50,1
2314,5.699999999999999,32,1
2315,4.800000000000001,33,1
2316,4.700000000000001,30,1
2317,1.2000000000000082,41,1
2318,7.399999999999999,27,1
2319,4.3000000000000025,34,1
2320,6.6,27,1
2321,5.599999999999999,29,1
2322,4.100000000000004,36,1
2323,4.6,35,1
2324,4.700000000000003,30,1
2325,2.800000000000006,37,1
2326,3.5000000000000018,34,1
2327,-0.7999999999999954,49,1
2328,3.300000000000005,40,1
2329,4.5000000000000036,32,1
2330,2.0000000000000053,37,1
2331,5.099999999999999,30,1
2332,3.2000000000000064,45,1
2333,5.8999999999999995,26,1
2334,6.199999999999998,27,1
2335,3.400000000000002,39,1
2336,-1.8999999999999986,48,1
2337,4.299999999999999,30,1
2338,4.300000000000004,34,1
2339,5.100000000000001,38,1
2340,6.199999999999999,27,1
2341,2.000000000000007,41,1
2342,6.299999999999999,26,1
2343,3.700000000000003,44,1
2344,3.5000000000000036,34,1
2345,4.300000000000002,34,1
2346,4.600000000000001,31,1
2347,4.100000000000005,32,1
2348,6.899999999999999,24,1
2349,4.900000000000002,28,1
2350,2.800000000000007,41,1
2351,3.900000000000002,34,1
2352,3.0000000000000044,39,1
2353,5.999999999999999,29,1
2354,3.600000000000006,41,1
2355,0.8000000000000078,45,1
2356,-2.399999999999995,53,1
2357,-3.3999999999999915,51,1
2358,4.400000000000002,33,1
2359,6.999999999999999,27,1
2360,1.7000000000000046,40,1
2361,-1.3999999999999915,47,1
2362,-0.2999999999999936,52,1
2363,4.400000000000003,37,1
2364,6.499999999999998,28,1
2365,5.300000000000002,32,1
2366,6.699999999999999,26,1
2367,3.8000000000000025,31,1
2368,5.8,31,1
2369,4.200000000000002,35,1
2370,6.499999999999998,28,1
2371,3.5000000000000027,34,1
2372,5.200000000000002,29,1
2373,4.100000000000002,40,1
2374,1.6000000000000032,41,1
2375,5.800000000000001,27,1
2376,6.099999999999998,32,1
2377,6.799999999999999,29,1
2378,5.299999999999999,36,1
2379,0.8000000000000114,49,1
2380,3.800000000000006,47,1
2381,2.6000000000000076,43,1
2382,4.100000000000002,32,1
2383,5.100000000000002,30,1
2384,5.5,34,1
2385,3.6000000000000023,37,1
2386,2.8000000000000034,41,1
2387,5.299999999999999,32,1
2388,3.8000000000000043,43,1
2389,2.300000000000005,38,1
2390,-201.9999999999997,500,0
2391,4.400000000000003,37,1
2392,4.100000000000004,36,1
2393,4.700000000000001,34,1
2394,-0.19999999999999218,47,1
2395,5.5,34,1
2396,3.1000000000000068,38,1
2397,5.6,29,1
2398,5.100000000000001,30,1
2399,5.100000000000001,34,1
2400,6.399999999999999,29,1
2401,4.5,40,1
2402,5.4,35,1
2403,2.0000000000000018,45,1
2404,0.9000000000000021,40,1
2405,3.700000000000001,40,1
2406,1.5000000000000036,38,1
2407,-1.1999999999999922,49,1
2408,6.799999999999999,29,1
2409,4.300000000000001,34,1
2410,5.300000000000002,32,1
2411,5.500000000000001,30,1
2412,3.300000000000005,40,1
2413,4.2000000000000055,43,1
2414,5.300000000000002,32,1
2415,6.499999999999998,28,1
2416,4.9,36,1
2417,5.299999999999999,32,1
2418,0.6000000000000068,43,1
2419,3.100000000000005,38,1
2420,3.400000000000003,35,1
2421,3.300000000000005,40,1
2422,3.2000000000000073,37,1
2423,4.100000000000005,32,1
2424,5.3,28,1
2425,3.5999999999999996,37,1
2426,3.6000000000000014,37,1
2427,5.6,37,1
2428,5.300000000000001,32,1
2429,2.4000000000000057,41,1
2430,3.400000000000002,39,1
2431,4.100000000000005,32,1
2432,4.8000000000000025,29,1
2433,6.799999999999999,25,1
2434,6.299999999999999,30,1
2435,4.700000000000003,38,1
2436,5.399999999999999,31,1
2437,0.5000000000000089,44,1
2438,3.200000000000003,37,1
2439,3.3000000000000034,40,1
2440,6.199999999999998,31,1
2441,5.799999999999999,31,1
2442,5.200000000000002,29,1
2443,7.105427357601002e-15,45,1
2444,4.699999999999999,30,1
2445,2.700000000000002,42,1
2446,0.20000000000000817,43,1
2447,5.2,33,1
2448,5.999999999999999,29,1
2449,4.3000000000000025,34,1
2450,3.0000000000000044,43,1
2451,4.700000000000002,34,1
2452,5.799999999999999,31,1
2453,4.800000000000003,37,1
2454,7.299999999999999,28,1
2455,4.800000000000002,33,1
2456,3.1000000000000068,46,1
2457,4.600000000000002,31,1
2458,0.10000000000000853,44,1
2459,5.199999999999999,29,1
2460,5.299999999999998,32,1
2461,3.7000000000000055,40,1
2462,4.500000000000003,36,1
2463,5.999999999999998,33,1
2464,1.300000000000006,44,1
2465,2.600000000000005,39,1
2466,3.3000000000000025,32,1
2467,5.299999999999999,36,1
2468,3.300000000000005,36,1
2469,4.8,33,1
2470,3.0000000000000053,39,1
2471,6.099999999999998,28,1
2472,6.499999999999998,28,1
2473,6.499999999999999,24,1
2474,5.000000000000001,31,1
2475,0.10000000000000675,48,1
2476,5.400000000000001,35,1
2477,5.6,29,1
2478,4.200000000000003,39,1
2479,2.000000000000007,37,1
2480,2.5000000000000018,36,1
2481,4.700000000000003,34,1
2482,4.200000000000003,31,1
2483,2.100000000000003,44,1
2484,6.599999999999999,27,1
2485,3.4000000000000075,35,1
2486,4.000000000000003,33,1
2487,4.700000000000003,30,1
2488,4.3999999999999995,29,1
2489,7.699999999999999,24,1
2490,7.299999999999999,24,1
2491,4.500000000000003,36,1
2492,6.199999999999999,27,1
2493,6.599999999999998,27,1
2494,2.2000000000000046,39,1
2495,4.400000000000003,33,1
2496,5.300000000000002,32,1
2497,3.600000000000004,37,1
2498,4.100000000000001,36,1
2499,6.099999999999999,32,1
2500,5.200000000000002,33,1
2501,-3.6999999999999957,54,1
2502,5.6,29,1
2503,7.399999999999999,23,1
2504,1.300000000000006,40,1
2505,0.8000000000000078,45,1
2506,3.3000000000000034,36,1
2507,3.5000000000000027,34,1
2508,6.699999999999999,30,1
2509,5.8,27,1
2510,-0.9999999999999929,47,1
2511,5.300000000000002,32,1
2512,4.000000000000002,33,1
2513,5.399999999999999,35,1
2514,6.699999999999999,26,1
2515,3.500000000000001,34,1
2516,-2.8999999999999897,54,1
2517,5.0,31,1
2518,2.400000000000003,41,1
2519,5.6,33,1
2520,3.900000000000003,38,1
2521,1.7000000000000064,44,1
2522,4.900000000000002,36,1
2523,5.3999999999999995,27,1
2524,3.900000000000002,34,1
2525,3.4000000000000075,39,1
2526,1.900000000000004,46,1
2527,3.400000000000005,39,1
2528,5.7,32,1
2529,6.099999999999999,28,1
2530,5.200000000000001,29,1
2531,5.799999999999999,27,1
2532,6.8999999999999995,24,1
2533,2.4000000000000004,41,1
2534,4.100000000000004,40,1
2535,6.099999999999999,32,1
2536,5.499999999999998,30,1
2537,4.500000000000003,32,1
2538,5.100000000000002,34,1
2539,5.899999999999999,30,1
2540,4.500000000000002,40,1
2541,2.2000000000000064,51,1
2542,4.500000000000004,40,1
2543,3.100000000000004,42,1
2544,3.500000000000007,34,1
2545,0.9000000000000039,44,1
2546,4.600000000000004,35,1
2547,5.3,32,1
2548,3.0000000000000053,39,1
2549,4.800000000000002,29,1
2550,5.999999999999998,29,1
2551,3.400000000000003,39,1
2552,5.999999999999998,29,1
2553,2.8000000000000087,41,1
2554,6.199999999999999,31,1
2555,5.200000000000002,37,1
2556,5.499999999999998,38,1
2557,6.299999999999999,26,1
2558,6.899999999999999,28,1
2559,5.500000000000001,30,1
2560,4.000000000000002,37,1
2561,5.200000000000001,37,1
2562,5.799999999999999,31,1
2563,7.199999999999999,25,1
2564,7.199999999999999,25,1
2565,2.600000000000003,43,1
2566,2.9000000000000075,44,1
2567,5.8,31,1
2568,4.300000000000005,34,1
2569,6.299999999999999,34,1
2570,5.000000000000001,31,1
2571,3.300000000000006,36,1
2572,5.8,27,1
2573,6.499999999999998,28,1
2574,-1.0999999999999925,48,1
2575,5.899999999999999,30,1
2576,3.7000000000000046,36,1
2577,4.300000000000003,34,1
2578,5.999999999999998,29,1
2579,6.299999999999999,26,1
2580,4.200000000000003,35,1
2581,5.0000000000000036,35,1
2582,4.900000000000001,32,1
2583,3.400000000000003,39,1
2584,3.1000000000000085,42,1
2585,4.500000000000003,36,1
2586,6.999999999999999,23,1
2587,4.700000000000004,38,1
2588,6.499999999999998,28,1
2589,2.600000000000004,39,1
2590,6.399999999999999,25,1
2591,0.9000000000000039,48,1
2592,5.100000000000002,34,1
2593,3.8000000000000034,35,1
2594,4.9,36,1
2595,5.5,30,1
2596,2.300000000000007,42,1
2597,2.4000000000000075,41,1
2598,6.899999999999999,28,1
2599,5.200000000000002,29,1
2600,3.800000000000005,39,1
2601,6.299999999999999,34,1
2602,3.3000000000000025,40,1
2603,6.099999999999998,28,1
2604,3.800000000000005,39,1
2605,3.0000000000000044,43,1
2606,3.8000000000000043,39,1
2607,3.7000000000000064,32,1
2608,5.299999999999999,36,1
2609,5.100000000000001,34,1
2610,4.800000000000003,33,1
2611,4.500000000000003,32,1
2612,3.600000000000004,37,1
2613,6.999999999999998,31,1
2614,5.799999999999999,31,1
2615,4.200000000000004,35,1
2616,6.199999999999998,35,1
2617,-2.8999999999999897,54,1
2618,6.299999999999998,30,1
2619,4.100000000000002,32,1
2620,4.000000000000004,37,1
2621,5.500000000000001,30,1
2622,7.199999999999999,29,1
2623,4.000000000000004,41,1
2624,6.399999999999999,29,1
2625,4.500000000000004,36,1
2626,3.600000000000004,37,1
2627,6.899999999999999,28,1
2628,5.1000000000000005,30,1
2629,2.000000000000006,41,1
2630,5.799999999999998,31,1
2631,5.100000000000002,34,1
2632,2.600000000000006,35,1
2633,5.999999999999998,29,1
2634,6.499999999999998,28,1
2635,7.099999999999999,26,1
2636,3.800000000000006,39,1
2637,5.6,33,1
2638,6.899999999999999,28,1
2639,5.400000000000001,31,1
2640,4.400000000000004,37,1
2641,2.3000000000000043,38,1
2642,1.9000000000000057,46,1
2643,4.100000000000003,40,1
2644,4.700000000000003,34,1
2645,6.399999999999999,29,1
2646,4.800000000000002,29,1
2647,5.299999999999999,32,1
2648,5.300000000000002,32,1
2649,5.699999999999999,32,1
2650,2.300000000000006,34,1
2651,6.299999999999999,30,1
2652,5.899999999999999,38,1
2653,5.6,29,1
2654,6.099999999999998,28,1
2655,6.099999999999998,28,1
2656,3.1000000000000076,38,1
2657,5.000000000000002,31,1
2658,3.900000000000003,34,1
2659,6.299999999999999,30,1
2660,5.7,28,1
2661,6.599999999999998,27,1
2662,4.700000000000001,38,1
2663,5.699999999999999,36,1
2664,4.000000000000003,33,1
2665,5.300000000000001,32,1
2666,3.500000000000008,42,1
2667,5.4,31,1
2668,1.7000000000000064,36,1
2669,5.6,29,1
2670,2.5000000000000018,40,1
2671,4.200000000000004,39,1
2672,4.300000000000003,34,1
2673,4.8000000000000025,33,1
2674,7.1,26,1
2675,5.000000000000001,31,1
2676,4.200000000000004,39,1
2677,5.100000000000001,30,1
2678,5.899999999999999,30,1
2679,6.1999999999999975,31,1
2680,4.300000000000002,30,1
2681,6.8999999999999995,24,1
2682,1.400000000000004,51,1
2683,5.6,37,1
2684,5.8,27,1
2685,3.100000000000004,42,1
2686,4.499999999999998,32,1
2687,5.899999999999999,38,1
2688,6.699999999999999,30,1
2689,5.799999999999999,27,1
2690,5.6000000000000005,29,1
2691,6.199999999999998,27,1
2692,6.499999999999999,28,1
2693,6.099999999999998,28,1
2694,6.499999999999998,28,1
2695,0.8000000000000096,45,1
2696,5.2,33,1
2697,5.4,31,1
2698,1.6000000000000032,41,1
2699,1.0000000000000053,43,1
2700,6.999999999999998,27,1
2701,6.099999999999999,28,1
2702,7.499999999999999,22,1
2703,5.299999999999998,36,1
2704,5.699999999999999,36,1
2705,5.099999999999998,30,1
2706,6.299999999999999,30,1
2707,4.800000000000002,33,1
2708,6.999999999999999,27,1
2709,4.200000000000005,31,1
2710,1.0000000000000053,43,1
2711,6.499999999999999,28,1
2712,4.700000000000004,34,1
2713,5.3,32,1
2714,5.2,29,1
2715,4.6000000000000005,35,1
2716,1.500000000000007,38,1
2717,5.899999999999999,30,1
2718,6.299999999999999,26,1
2719,3.000000000000006,39,1
2720,5.100000000000001,38,1
2721,3.8000000000000034,35,1
2722,2.000000000000007,41,1
2723,5.6000000000000005,33,1
2724,5.899999999999999,30,1
2725,5.399999999999999,35,1
2726,4.600000000000002,35,1
2727,4.800000000000002,33,1
2728,4.900000000000003,32,1
2729,5.899999999999999,30,1
2730,6.899999999999999,28,1
2731,5.8,31,1
2732,5.1000000000000005,34,1
2733,5.999999999999999,29,1
2734,7.199999999999999,29,1
2735,3.700000000000002,40,1
2736,3.0000000000000044,43,1
2737,1.7000000000000028,44,1
2738,6.699999999999999,26,1
2739,5.6,29,1
2740,5.0000000000000036,35,1
2741,5.8,27,1
2742,6.099999999999998,28,1
2743,6.299999999999999,26,1
2744,3.900000000000004,42,1
2745,6.799999999999999,25,1
2746,6.299999999999999,30,1
2747,5.699999999999999,28,1
2748,2.9000000000000012,40,1
2749,4.8000000000000025,33,1
2750,5.8,35,1
2751,1.8000000000000043,39,1
2752,5.7,28,1
2753,3.900000000000004,42,1
2754,3.5000000000000027,34,1
2755,4.000000000000005,33,1
2756,6.499999999999999,24,1
2757,4.5,36,1
2758,6.499999999999998,28,1
2759,2.5000000000000027,40,1
2760,5.300000000000001,32,1
2761,5.299999999999999,36,1
2762,4.400000000000001,37,1
2763,6.199999999999998,27,1
2764,5.6000000000000005,29,1
2765,5.5,34,1
2766,5.899999999999999,26,1
2767,6.999999999999998,27,1
2768,6.999999999999998,27,1
2769,7.199999999999999,29,1
2770,4.900000000000001,32,1
2771,4.8999999999999995,32,1
2772,7.499999999999999,26,1
2773,6.099999999999998,36,1
2774,5.799999999999999,27,1
2775,6.499999999999999,24,1
2776,4.300000000000003,38,1
2777,6.199999999999998,31,1
2778,4.600000000000002,39,1
2779,5.000000000000003,35,1
2780,-42.70000000000003,152,1
2781,5.899999999999999,30,1
2782,6.099999999999999,28,1
2783,4.600000000000001,35,1
2784,3.5000000000000044,42,1
2785,6.699999999999998,26,1
2786,6.399999999999999,25,1
2787,7.299999999999999,24,1
2788,3.900000000000003,34,1
2789,6.199999999999998,35,1
2790,6.099999999999998,36,1
2791,5.300000000000001,36,1
2792,4.500000000000004,32,1
2793,6.6,27,1
2794,6.899999999999999,28,1
2795,7.399999999999999,27,1
2796,7.399999999999999,23,1
2797,5.000000000000003,35,1
2798,5.300000000000002,28,1
2799,5.000000000000003,39,1
2800,5.3,28,1
2801,5.1000000000000005,30,1
2802,5.999999999999998,33,1
2803,6.399999999999999,29,1
2804,5.599999999999998,29,1
2805,6.699999999999998,26,1
2806,3.500000000000006,38,1
2807,7.1,26,1
2808,1.9000000000000021,38,1
2809,6.499999999999998,28,1
2810,6.599999999999999,27,1
2811,5.300000000000001,36,1
2812,6.499999999999998,28,1
2813,4.800000000000002,33,1
2814,7.1,26,1
2815,6.299999999999999,26,1
2816,6.499999999999998,24,1
2817,4.6000000000000005,35,1
2818,5.5,34,1
2819,4.9,36,1
2820,4.200000000000004,35,1
2821,7.5,22,1
2822,3.200000000000002,37,1
2823,4.000000000000002,33,1
2824,6.199999999999999,27,1
2825,4.600000000000001,35,1
2826,6.199999999999999,27,1
2827,6.499999999999998,28,1
2828,5.999999999999998,29,1
2829,5.3999999999999995,27,1
2830,3.200000000000002,41,1
2831,5.500000000000001,30,1
2832,5.4,31,1
2833,0.9000000000000057,48,1
2834,5.799999999999999,31,1
2835,4.400000000000004,37,1
2836,6.799999999999999,29,1
2837,5.2,29,1
2838,2.099999999999998,40,1
2839,5.8,31,1
2840,5.000000000000001,31,1
2841,4.400000000000003,37,1
2842,6.899999999999999,24,1
2843,6.099999999999999,28,1
2844,6.899999999999999,28,1
2845,5.000000000000001,35,1
2846,3.1000000000000068,34,1
2847,6.099999999999998,32,1
2848,6.199999999999999,31,1
2849,4.500000000000003,32,1
2850,5.999999999999998,29,1
2851,5.3,32,1
2852,6.8999999999999995,24,1
2853,4.800000000000001,33,1
2854,4.499999999999998,32,1
2855,5.899999999999999,26,1
2856,6.1999999999999975,31,1
2857,4.0000000000000036,33,1
2858,5.899999999999999,30,1
2859,3.3000000000000034,40,1
2860,6.399999999999999,29,1
2861,5.699999999999999,28,1
2862,5.200000000000001,33,1
2863,2.1000000000000023,40,1
2864,5.699999999999999,28,1
2865,4.700000000000001,34,1
2866,6.699999999999999,26,1
2867,6.699999999999998,30,1
2868,6.199999999999998,27,1
2869,5.899999999999999,30,1
2870,4.700000000000003,34,1
2871,4.800000000000002,33,1
2872,3.1000000000000014,42,1
2873,5.000000000000001,31,1
2874,6.599999999999999,31,1
2875,4.300000000000002,30,1
2876,6.499999999999998,28,1
2877,5.999999999999999,29,1
2878,7.099999999999999,26,1
2879,6.299999999999999,30,1
2880,6.699999999999999,26,1
2881,5.500000000000001,30,1
2882,7.699999999999999,24,1
2883,5.000000000000002,39,1
2884,5.999999999999999,29,1
2885,6.499999999999998,32,1
2886,4.300000000000001,42,1
2887,6.099999999999999,28,1
2888,2.1000000000000076,40,1
2889,6.099999999999998,28,1
2890,4.500000000000002,36,1
2891,6.099999999999999,32,1
2892,6.6999999999999975,30,1
2893,5.799999999999999,31,1
2894,5.3,28,1
2895,7.499999999999999,26,1
2896,3.100000000000006,38,1
2897,6.199999999999998,27,1
2898,6.399999999999999,29,1
2899,5.100000000000001,38,1
2900,2.900000000000002,36,1
2901,3.700000000000002,36,1
2902,6.299999999999998,26,1
2903,6.999999999999998,31,1
2904,6.899999999999999,32,1
2905,4.100000000000002,32,1
2906,5.000000000000003,35,1
2907,2.900000000000004,40,1
2908,6.699999999999998,26,1
2909,5.5,34,1
2910,6.099999999999999,32,1
2911,6.699999999999998,30,1
2912,5.999999999999998,33,1
2913,6.699999999999998,26,1
2914,5.6000000000000005,25,1
2915,0.9000000000000075,44,1
2916,6.299999999999998,30,1
2917,6.599999999999999,27,1
2918,5.500000000000001,30,1
2919,7.299999999999999,28,1
2920,5.0000000000000036,31,1
2921,5.699999999999999,32,1
2922,6.799999999999999,29,1
2923,5.6000000000000005,29,1
2924,6.299999999999999,26,1
2925,6.999999999999998,27,1
2926,6.599999999999998,27,1
2927,5.1000000000000005,30,1
2928,6.899999999999999,28,1
2929,6.299999999999999,26,1
2930,5.5,34,1
2931,5.8999999999999995,30,1
2932,5.8999999999999995,30,1
2933,4.100000000000003,40,1
2934,6.499999999999998,32,1
2935,6.699999999999999,26,1
2936,2.400000000000004,49,1
2937,5.6,33,1
2938,3.400000000000002,35,1
2939,7.1,22,1
2940,5.8999999999999995,30,1
2941,5.8,27,1
2942,5.999999999999999,29,1
2943,6.399999999999999,29,1
2944,6.199999999999998,27,1
2945,2.7000000000000064,42,1
2946,7.199999999999999,29,1
2947,6.299999999999999,26,1
2948,5.999999999999998,33,1
2949,7.299999999999999,24,1
2950,6.099999999999999,32,1
2951,2.600000000000003,35,1
2952,6.8999999999999995,24,1
2953,5.899999999999999,30,1
2954,2.600000000000003,35,1
2955,4.800000000000001,37,1
2956,7.199999999999999,25,1
2957,5.299999999999999,32,1
2958,4.200000000000005,39,1
2959,6.299999999999998,30,1
2960,5.6,29,1
2961,6.799999999999999,29,1
2962,6.899999999999999,24,1
2963,5.499999999999998,30,1
2964,6.099999999999999,28,1
2965,5.300000000000001,32,1
2966,3.8000000000000025,35,1
2967,4.8000000000000025,29,1
2968,4.600000000000004,39,1
2969,6.499999999999998,28,1
2970,4.900000000000002,32,1
2971,4.2,31,1
2972,6.299999999999999,30,1
2973,4.100000000000003,36,1
2974,4.600000000000002,31,1
2975,4.700000000000002,34,1
2976,6.099999999999999,28,1
2977,5.300000000000002,28,1
2978,6.099999999999998,32,1
2979,4.8000000000000025,33,1
2980,3.600000000000003,37,1
2981,5.4,31,1
2982,4.5,36,1
2983,5.300000000000001,36,1
2984,4.700000000000003,30,1
2985,5.200000000000002,33,1
2986,5.8999999999999995,30,1
2987,6.499999999999998,28,1
2988,6.699999999999999,26,1
2989,7.699999999999999,24,1
2990,7.099999999999999,26,1
2991,3.8000000000000043,31,1
2992,6.399999999999999,29,1
2993,6.599999999999998,31,1
2994,6.399999999999999,25,1
2995,5.2,33,1
2996,-2.3999999999999986,45,1
2997,4.900000000000001,32,1
2998,5.000000000000003,31,1
2999,5.899999999999999,30,1
3000,6.199999999999998,31,1
