episode,reward,steps,success
1,-992.9000000000162,2000,0
2,-726.1000000000101,1521,1
3,-744.8000000000126,1762,1
4,-340.2000000000022,911,1
5,-365.3000000000012,838,1
6,-853.4000000000183,2000,0
7,-331.10000000000235,874,1
8,-823.7000000000193,2000,0
9,-643.5000000000098,1451,1
10,-823.7000000000182,2000,0
11,-791.5000000000153,1842,1
12,-828.2000000000191,2000,0
13,-223.2999999999982,651,1
14,-442.40000000000583,1051,1
15,-300.7999999999992,814,1
16,-102.49999999999947,298,1
17,-208.39999999999844,574,1
18,-176.6999999999991,446,1
19,-181.29999999999853,519,1
20,-771.5000000000214,2000,0
21,-302.8000000000012,834,1
22,-193.7999999999984,581,1
23,-280.5999999999999,819,1
24,-172.29999999999876,519,1
25,-274.79999999999893,779,1
26,-246.79999999999802,724,1
27,-97.69999999999933,331,1
28,-201.8999999999985,527,1
29,-339.1000000000012,837,1
30,-351.8000000000022,937,1
31,-252.49999999999812,736,1
32,-232.99999999999795,658,1
33,-108.2999999999996,320,1
34,-231.29999999999768,695,1
35,-301.5000000000004,731,1
36,-218.99999999999855,536,1
37,-213.4999999999985,580,1
38,-179.19999999999885,480,1
39,-170.89999999999938,370,1
40,-99.69999999999968,297,1
41,-279.19999999999965,652,1
42,-260.39999999999867,725,1
43,-216.19999999999837,562,1
44,-119.49999999999937,306,1
45,-157.69999999999922,382,1
46,-147.09999999999923,402,1
47,-240.6999999999988,492,1
48,-53.80000000000013,162,1
49,-107.29999999999978,238,1
50,-513.7000000000048,1098,1
51,-273.89999999999895,635,1
52,-155.39999999999915,359,1
53,-81.69999999999978,243,1
54,-149.99999999999915,395,1
55,-132.59999999999943,356,1
56,-94.69999999999979,283,1
57,-275.69999999999965,626,1
58,-112.09999999999972,250,1
59,-219.39999999999873,504,1
60,-223.19999999999874,560,1
61,-205.6999999999988,484,1
62,-169.49999999999912,383,1
63,-203.09999999999906,431,1
64,-76.09999999999982,214,1
65,-145.19999999999928,374,1
66,-93.79999999999973,238,1
67,-335.70000000000323,884,1
68,-29.900000000000034,94,1
69,-401.3000000000052,982,1
70,-63.89999999999999,191,1
71,-200.89999999999833,535,1
72,-177.89999999999898,449,1
73,-108.19999999999958,247,1
74,-337.8000000000017,851,1
75,-200.29999999999862,547,1
76,-56.0000000000001,193,1
77,-364.9000000000028,852,1
78,-257.099999999999,620,1
79,-95.89999999999972,268,1
80,-88.19999999999979,236,1
81,-158.69999999999905,455,1
82,-120.3999999999998,270,1
83,-172.1999999999992,419,1
84,-151.19999999999902,407,1
85,-73.5,206,1
86,-176.99999999999892,449,1
87,-406.9000000000035,948,1
88,-716.3000000000145,1648,1
89,-283.0999999999995,682,1
90,-212.8999999999989,502,1
91,-53.80000000000011,162,1
92,-279.19999999999914,616,1
93,-345.50000000000233,829,1
94,-228.99999999999866,546,1
95,-64.9,156,1
96,-183.999999999999,456,1
97,-143.7999999999992,351,1
98,-195.0999999999988,513,1
99,-325.00000000000034,714,1
100,-389.9000000000021,904,1
101,-232.4999999999983,599,1
102,-140.99999999999946,323,1
103,-326.8000000000005,804,1
104,-226.9999999999985,580,1
105,-192.4999999999988,532,1
106,-720.2000000000145,1804,1
107,-172.8999999999992,372,1
108,-110.69999999999966,245,1
109,-546.7000000000073,1257,1
110,-225.09999999999832,588,1
111,-112.39999999999975,253,1
112,-146.89999999999904,391,1
113,-198.09999999999877,489,1
114,-137.89999999999952,301,1
115,-114.39999999999965,228,1
116,-75.29999999999987,224,1
117,-277.1999999999995,722,1
118,-181.89999999999898,480,1
119,-109.39999999999958,259,1
120,-110.49999999999955,243,1
121,-57.000000000000085,158,1
122,-131.29999999999936,289,1
123,-97.59999999999955,249,1
124,-330.1000000000005,702,1
125,-83.49999999999986,180,1
126,-104.79999999999967,276,1
127,-96.3999999999998,246,1
128,-93.9999999999998,222,1
129,-208.99999999999847,553,1
130,-268.599999999999,609,1
131,-486.60000000000673,1205,1
132,-190.499999999999,440,1
133,-158.39999999999935,371,1
134,-367.1000000000026,865,1
135,-115.19999999999928,326,1
136,-168.9999999999991,414,1
137,-217.39999999999893,493,1
138,-63.80000000000001,181,1
139,-184.3999999999989,433,1
140,-235.19999999999902,464,1
141,-115.89999999999952,315,1
142,-55.7000000000001,154,1
143,-139.59999999999926,327,1
144,-151.19999999999942,326,1
145,-300.1000000000006,663,1
146,-47.50000000000008,135,1
147,-87.59999999999982,212,1
148,-108.19999999999952,319,1
149,-191.5999999999989,460,1
150,-101.39999999999986,296,1
151,-131.6999999999994,374,1
152,-123.99999999999966,279,1
153,-140.19999999999953,324,1
154,-164.09999999999906,401,1
155,-231.39999999999893,462,1
156,-173.39999999999918,413,1
157,-261.5999999999993,548,1
158,-283.5999999999998,651,1
159,-76.19999999999995,170,1
160,-107.99999999999966,236,1
161,-178.69999999999916,367,1
162,-338.4000000000003,677,1
163,-55.10000000000011,139,1
164,-62.30000000000004,157,1
165,-165.49999999999932,379,1
166,-198.09999999999914,435,1
167,-186.59999999999917,410,1
168,-67.29999999999995,189,1
169,-210.89999999999887,500,1
170,-105.09999999999965,252,1
171,-143.29999999999916,364,1
172,-250.39999999999884,562,1
173,-33.400000000000055,102,1
174,-118.5999999999994,288,1
175,-179.999999999999,425,1
176,-83.59999999999972,172,1
177,-181.59999999999908,441,1
178,-382.7000000000032,850,1
179,-128.2999999999992,358,1
180,-281.6999999999998,659,1
181,-293.5999999999999,688,1
182,-134.49999999999926,357,1
183,-143.1999999999994,336,1
184,-181.19999999999882,491,1
185,-73.89999999999999,183,1
186,-226.1999999999989,491,1
187,-60.79999999999998,160,1
188,-32.900000000000055,115,1
189,-98.49999999999966,258,1
190,-121.59999999999945,282,1
191,-107.0999999999998,200,1
192,-52.80000000000009,152,1
193,-63.60000000000008,161,1
194,-167.399999999999,434,1
195,-54.40000000000008,159,1
196,-135.9999999999994,327,1
197,-189.1999999999989,490,1
198,-96.49999999999983,229,1
199,-39.10000000000007,114,1
200,-98.5999999999997,259,1
201,-150.09999999999943,351,1
202,-90.59999999999994,206,1
203,-82.79999999999987,191,1
204,-81.99999999999979,183,1
205,-153.89999999999935,353,1
206,-28.800000000000033,101,1
207,-167.69999999999916,383,1
208,-144.0999999999995,309,1
209,-106.19999999999955,245,1
210,-122.69999999999959,302,1
211,-96.49999999999966,256,1
212,-93.29999999999973,233,1
213,-100.39999999999986,232,1
214,-47.60000000000008,127,1
215,-155.5999999999994,325,1
216,-176.19999999999922,387,1
217,-139.89999999999907,366,1
218,-150.7999999999993,340,1
219,-163.69999999999888,406,1
220,-103.49999999999963,245,1
221,-117.89999999999964,263,1
222,-138.4999999999994,316,1
223,-102.89999999999972,275,1
224,-142.7999999999992,341,1
225,-145.2999999999992,366,1
226,-68.19999999999996,207,1
227,-68.69999999999992,167,1
228,-93.29999999999981,206,1
229,-99.29999999999956,284,1
230,-155.99999999999926,356,1
231,-158.0999999999989,395,1
232,-130.19999999999965,269,1
233,-97.99999999999957,226,1
234,-290.2000000000001,681,1
235,-172.19999999999905,419,1
236,-174.9999999999988,456,1
237,-111.29999999999968,269,1
238,-62.19999999999999,174,1
239,-35.90000000000004,82,1
240,-156.3999999999995,333,1
241,-177.19999999999894,442,1
242,-115.49999999999952,311,1
243,-151.19999999999956,326,1
244,-264.6999999999989,579,1
245,-67.19999999999987,170,1
246,-82.69999999999968,217,1
247,-121.99999999999955,331,1
248,-245.7999999999981,633,1
249,-120.5999999999996,326,1
250,-109.49999999999963,296,1
251,-82.29999999999981,222,1
252,-163.29999999999913,393,1
253,-149.3999999999989,416,1
254,-53.200000000000095,156,1
255,-85.39999999999972,235,1
256,-160.49999999999898,446,1
257,-89.39999999999972,221,1
258,-148.4999999999993,353,1
259,-177.59999999999877,473,1
260,-348.3000000000018,920,1
261,-139.49999999999932,371,1
262,-178.89999999999904,450,1
263,-95.49999999999974,237,1
264,-55.600000000000136,171,1
265,-147.69999999999914,381,1
266,-91.59999999999971,243,1
267,-96.79999999999974,241,1
268,-91.29999999999968,213,1
269,-161.19999999999914,345,1
270,-96.29999999999974,290,1
271,-61.80000000000004,152,1
272,-154.89999999999938,345,1
273,-67.70000000000005,184,1
274,-220.49999999999818,605,1
275,-74.29999999999988,223,1
276,-37.900000000000055,120,1
277,-56.000000000000114,184,1
278,-107.19999999999948,318,1
279,-54.00000000000013,164,1
280,-124.29999999999907,363,1
281,-155.79999999999896,390,1
282,-103.49999999999955,272,1
283,-131.49999999999932,318,1
284,-58.19999999999999,152,1
285,-63.500000000000014,133,1
286,-46.700000000000124,154,1
287,-536.4000000000093,1397,1
288,-77.69999999999992,212,1
289,-192.49999999999906,451,1
290,-35.80000000000005,99,1
291,-232.59999999999835,591,1
292,-155.29999999999922,358,1
293,-242.0999999999983,632,1
294,-110.59999999999938,307,1
295,-94.09999999999974,241,1
296,-82.59999999999987,198,1
297,-462.90000000000475,842,1
298,-60.70000000000002,159,1
299,-95.59999999999971,229,1
300,-88.19999999999976,254,1
301,-112.39999999999955,307,1
302,-399.20000000000334,898,1
303,-275.89999999999964,655,1
304,-217.5999999999978,657,1
305,-110.49999999999959,270,1
306,-25.800000000000068,98,1
307,-101.19999999999955,285,1
308,-77.59999999999987,247,1
309,-86.19999999999968,216,1
310,-138.49999999999923,370,1
311,-111.6999999999995,273,1
312,-63.50000000000004,160,1
313,-202.1999999999986,530,1
314,-105.89999999999974,242,1
315,-79.59999999999988,204,1
316,-237.79999999999828,598,1
317,-89.59999999999974,241,1
318,-272.89999999999986,571,1
319,-56.7000000000001,155,1
320,-64.89999999999995,183,1
321,-54.00000000000013,182,1
322,-185.49999999999895,426,1
323,-61.50000000000004,194,1
324,-54.500000000000114,151,1
325,-105.69999999999956,276,1
326,-89.0999999999998,209,1
327,-64.6,153,1
328,-210.79999999999865,517,1
329,-49.500000000000085,137,1
330,-59.7000000000001,185,1
331,-179.9999999999988,434,1
332,-106.09999999999964,271,1
333,-255.79999999999836,742,1
334,-114.49999999999935,328,1
335,-57.800000000000125,166,1
336,-94.99999999999959,259,1
337,-108.3999999999993,321,1
338,-101.69999999999976,263,1
339,-447.4000000000061,1110,1
340,-134.0999999999992,344,1
341,-90.99999999999964,246,1
342,-34.100000000000065,118,1
343,-200.89999999999873,517,1
344,-64.89999999999992,192,1
345,-128.09999999999926,338,1
346,-142.0999999999993,397,1
347,-277.3999999999997,652,1
348,-141.29999999999924,362,1
349,-72.99999999999983,183,1
350,-54.300000000000125,194,1
351,-74.49999999999986,216,1
352,-24.400000000000027,84,1
353,-94.59999999999968,237,1
354,-104.69999999999965,257,1
355,-130.79999999999941,329,1
356,-53.100000000000094,164,1
357,-60.500000000000114,175,1
358,-124.29999999999953,327,1
359,-67.69999999999999,202,1
360,-124.4999999999994,302,1
361,-65.59999999999994,181,1
362,-56.90000000000008,166,1
363,-86.39999999999978,227,1
364,-121.99999999999932,313,1
365,-97.19999999999955,236,1
366,-93.39999999999974,225,1
367,-157.8999999999989,456,1
368,-61.300000000000026,174,1
369,-187.99999999999866,496,1
370,-246.8999999999986,608,1
371,-58.60000000000008,174,1
372,-55.10000000000008,157,1
373,-101.59999999999958,253,1
374,-51.80000000000011,151,1
375,-64.10000000000004,166,1
376,-138.49999999999932,298,1
377,-110.99999999999955,266,1
378,-52.60000000000014,186,1
379,-69.59999999999995,185,1
380,-82.99999999999986,229,1
381,-59.79999999999998,141,1
382,-143.4999999999993,348,1
383,-72.99999999999989,165,1
384,-233.59999999999877,493,1
385,-79.1999999999998,236,1
386,-87.1999999999997,208,1
387,-111.99999999999953,285,1
388,-42.700000000000095,132,1
389,-83.49999999999969,234,1
390,-201.89999999999873,518,1
391,-177.09999999999883,450,1
392,-170.19999999999916,363,1
393,-234.0999999999986,579,1
394,-162.79999999999916,388,1
395,-127.6999999999993,379,1
396,-89.69999999999978,233,1
397,-164.89999999999915,373,1
398,-159.4999999999991,355,1
399,-145.29999999999913,357,1
400,-363.4000000000037,846,1
401,-125.49999999999946,303,1
402,-164.49999999999898,423,1
403,-68.30000000000001,226,1
404,-207.6999999999988,504,1
405,-97.89999999999947,297,1
406,-77.39999999999985,200,1
407,-85.69999999999985,202,1
408,-89.29999999999967,229,1
409,-56.40000000000006,170,1
410,-70.79999999999995,206,1
411,-107.7999999999995,270,1
412,-118.49999999999963,287,1
413,-307.50000000000085,782,1
414,-107.29999999999947,337,1
415,-112.59999999999947,282,1
416,-85.2999999999998,225,1
417,-53.50000000000015,177,1
418,-78.09999999999985,207,1
419,-129.29999999999924,386,1
420,-55.000000000000114,165,1
421,-122.49999999999923,363,1
422,-134.89999999999932,316,1
423,-67.09999999999988,196,1
424,-209.79999999999916,462,1
425,-108.79999999999961,226,1
426,-78.2999999999999,173,1
427,-128.89999999999947,301,1
428,-57.70000000000016,192,1
429,-95.79999999999973,195,1
430,-119.29999999999924,322,1
431,-40.60000000000009,147,1
432,-67.79999999999993,167,1
433,-144.89999999999924,344,1
434,-47.9000000000001,139,1
435,-76.89999999999995,204,1
436,-64.49999999999996,179,1
437,-51.5000000000001,148,1
438,-115.79999999999951,278,1
439,-201.69999999999857,480,1
440,-83.99999999999987,275,1
441,-104.59999999999954,229,1
442,-95.49999999999977,273,1
443,-86.39999999999989,236,1
444,-50.10000000000009,125,1
445,-137.4999999999991,369,1
446,-89.5999999999998,232,1
447,-88.4999999999998,221,1
448,-238.19999999999843,602,1
449,-62.60000000000002,169,1
450,-79.09999999999977,226,1
451,-73.6999999999998,190,1
452,-183.5999999999988,452,1
453,-72.29999999999998,203,1
454,-30.700000000000088,120,1
455,-195.69999999999882,501,1
456,-102.89999999999947,302,1
457,-92.99999999999973,176,1
458,-109.69999999999956,262,1
459,-116.59999999999957,313,1
460,-97.2999999999997,246,1
461,-133.79999999999913,359,1
462,-150.999999999999,369,1
463,-45.10000000000008,120,1
464,-110.59999999999943,316,1
465,-72.99999999999984,183,1
466,-83.29999999999977,214,1
467,-223.59999999999837,564,1
468,-86.89999999999966,250,1
469,-67.90000000000006,213,1
470,-312.6000000000022,788,1
471,-100.0999999999997,274,1
472,-114.79999999999939,367,1
473,-75.59999999999982,245,1
474,-210.89999999999856,590,1
475,-109.89999999999952,318,1
476,-147.99999999999926,357,1
477,-95.99999999999953,278,1
478,-97.49999999999963,266,1
479,-158.9999999999992,422,1
480,-180.19999999999905,445,1
481,-145.29999999999936,303,1
482,-132.69999999999933,312,1
483,-68.6,220,1
484,-131.39999999999935,317,1
485,-143.0999999999994,272,1
486,-55.30000000000011,159,1
487,-139.09999999999928,367,1
488,-24.700000000000074,105,1
489,-69.19999999999997,208,1
490,-175.89999999999904,483,1
491,-76.49999999999977,218,1
492,-81.09999999999982,210,1
493,-96.19999999999975,226,1
494,-101.99999999999949,266,1
495,-86.69999999999983,275,1
496,-193.49999999999898,434,1
497,-159.99999999999915,396,1
498,-98.79999999999956,288,1
499,-98.9999999999996,263,1
500,-58.8000000000001,203,1
